origen_lat,origen_lon,destino_lat,destino_lon,departure_time,duracion_normal_seg,duracion_trafico_seg,congestion_ratio
9.9358,-84.0558,9.9567,-84.1132,2026-08-18T07:00:00Z,824.0,632.0,0.7669902912621359
9.9358,-84.0558,9.9567,-84.1132,2026-08-18T08:00:00Z,824.0,656.0,0.7961165048543689
9.9358,-84.0558,9.9567,-84.1132,2026-08-18T09:00:00Z,824.0,652.0,0.7912621359223301
9.9358,-84.0558,9.9567,-84.1132,2026-08-18T10:00:00Z,824.0,662.0,0.8033980582524272
9.9358,-84.0558,9.9567,-84.1132,2026-08-18T11:00:00Z,824.0,738.0,0.8956310679611651
9.9358,-84.0558,9.9567,-84.1132,2026-08-18T12:00:00Z,824.0,1117.0,1.3555825242718447
9.9358,-84.0558,9.9567,-84.1132,2026-08-18T13:00:00Z,824.0,1379.0,1.6735436893203883
9.9358,-84.0558,9.9567,-84.1132,2026-08-18T14:00:00Z,824.0,1285.0,1.5594660194174756
9.9358,-84.0558,9.9567,-84.1132,2026-08-18T15:00:00Z,824.0,1182.0,1.4344660194174756
9.9358,-84.0558,9.9567,-84.1132,2026-08-18T16:00:00Z,824.0,1161.0,1.4089805825242718
9.9358,-84.0558,9.9567,-84.1132,2026-08-18T17:00:00Z,824.0,985.0,1.1953883495145632
9.9358,-84.0558,9.9567,-84.1132,2026-08-18T18:00:00Z,824.0,969.0,1.1759708737864079
9.9358,-84.0558,9.9567,-84.1132,2026-08-18T19:00:00Z,824.0,918.0,1.1140776699029127
9.9358,-84.0558,9.9567,-84.1132,2026-08-18T20:00:00Z,824.0,922.0,1.1189320388349515
9.9358,-84.0558,9.9567,-84.1132,2026-08-18T21:00:00Z,824.0,929.0,1.1274271844660195
9.9358,-84.0558,9.9567,-84.1132,2026-08-18T22:00:00Z,824.0,1045.0,1.2682038834951457
9.9358,-84.0558,9.9567,-84.1132,2026-08-18T23:00:00Z,824.0,1221.0,1.4817961165048543
9.9358,-84.0558,9.9567,-84.1132,2026-08-19T00:00:00Z,824.0,978.0,1.1868932038834952
9.9358,-84.0558,9.9567,-84.1132,2026-08-19T01:00:00Z,824.0,806.0,0.9781553398058253
9.9358,-84.0558,9.9567,-84.1132,2026-08-19T02:00:00Z,824.0,766.0,0.9296116504854369
9.9358,-84.0558,9.9567,-84.1132,2026-08-19T03:00:00Z,824.0,785.0,0.9526699029126213
9.9358,-84.0558,9.9567,-84.1132,2026-08-19T04:00:00Z,824.0,749.0,0.9089805825242718
9.9358,-84.0558,9.9567,-84.1132,2026-08-19T05:00:00Z,824.0,711.0,0.8628640776699029
9.9358,-84.0558,9.9567,-84.1132,2026-08-19T06:00:00Z,824.0,684.0,0.8300970873786407
9.9358,-84.0558,9.9567,-84.1132,2026-08-19T07:00:00Z,824.0,643.0,0.7803398058252428
9.9358,-84.0558,9.9567,-84.1132,2026-08-19T08:00:00Z,824.0,638.0,0.7742718446601942
9.9358,-84.0558,9.9567,-84.1132,2026-08-19T09:00:00Z,824.0,631.0,0.7657766990291263
9.9358,-84.0558,9.9567,-84.1132,2026-08-19T10:00:00Z,824.0,660.0,0.8009708737864077
9.9358,-84.0558,9.9567,-84.1132,2026-08-19T11:00:00Z,824.0,737.0,0.8944174757281553
9.9358,-84.0558,9.9567,-84.1132,2026-08-19T12:00:00Z,824.0,1132.0,1.3737864077669903
9.9358,-84.0558,9.9567,-84.1132,2026-08-19T13:00:00Z,824.0,1320.0,1.6019417475728155
9.9358,-84.0558,9.9567,-84.1132,2026-08-19T14:00:00Z,824.0,1219.0,1.479368932038835
9.9358,-84.0558,9.9567,-84.1132,2026-08-19T15:00:00Z,824.0,1120.0,1.3592233009708738
9.9358,-84.0558,9.9567,-84.1132,2026-08-19T16:00:00Z,824.0,1051.0,1.2754854368932038
9.9358,-84.0558,9.9567,-84.1132,2026-08-19T17:00:00Z,824.0,1006.0,1.220873786407767
9.9358,-84.0558,9.9567,-84.1132,2026-08-19T18:00:00Z,824.0,1045.0,1.2682038834951457
9.9358,-84.0558,9.9567,-84.1132,2026-08-19T19:00:00Z,824.0,959.0,1.1638349514563107
9.9358,-84.0558,9.9567,-84.1132,2026-08-19T20:00:00Z,824.0,936.0,1.1359223300970873
9.9358,-84.0558,9.9567,-84.1132,2026-08-19T21:00:00Z,824.0,921.0,1.1177184466019416
9.9358,-84.0558,9.9567,-84.1132,2026-08-19T22:00:00Z,824.0,1041.0,1.2633495145631068
9.9358,-84.0558,9.9567,-84.1132,2026-08-19T23:00:00Z,824.0,1184.0,1.4368932038834952
9.9358,-84.0558,9.9567,-84.1132,2026-08-20T00:00:00Z,824.0,1004.0,1.2184466019417475
9.9358,-84.0558,9.9567,-84.1132,2026-08-20T01:00:00Z,824.0,820.0,0.9951456310679612
9.9358,-84.0558,9.9567,-84.1132,2026-08-20T02:00:00Z,824.0,785.0,0.9526699029126213
9.9358,-84.0558,9.9567,-84.1132,2026-08-20T03:00:00Z,824.0,798.0,0.9684466019417476
9.9358,-84.0558,9.9567,-84.1132,2026-08-20T04:00:00Z,824.0,752.0,0.912621359223301
9.9358,-84.0558,9.9567,-84.1132,2026-08-20T05:00:00Z,824.0,708.0,0.8592233009708737
9.9358,-84.0558,9.9567,-84.1132,2026-08-20T06:00:00Z,824.0,674.0,0.8179611650485437
9.9358,-84.0558,9.9567,-84.1132,2026-08-20T07:00:00Z,824.0,634.0,0.7694174757281553
9.9358,-84.0558,9.9567,-84.1132,2026-08-20T08:00:00Z,824.0,649.0,0.787621359223301
9.9358,-84.0558,9.9567,-84.1132,2026-08-20T09:00:00Z,824.0,645.0,0.7827669902912622
9.9358,-84.0558,9.9567,-84.1132,2026-08-20T10:00:00Z,824.0,664.0,0.8058252427184466
9.9358,-84.0558,9.9567,-84.1132,2026-08-20T11:00:00Z,824.0,752.0,0.912621359223301
9.9358,-84.0558,9.9567,-84.1132,2026-08-20T12:00:00Z,824.0,1087.0,1.3191747572815533
9.9358,-84.0558,9.9567,-84.1132,2026-08-20T13:00:00Z,824.0,1299.0,1.5764563106796117
9.9358,-84.0558,9.9567,-84.1132,2026-08-20T14:00:00Z,824.0,1180.0,1.4320388349514563
9.9358,-84.0558,9.9567,-84.1132,2026-08-20T15:00:00Z,824.0,1196.0,1.4514563106796117
9.9358,-84.0558,9.9567,-84.1132,2026-08-20T16:00:00Z,824.0,1098.0,1.3325242718446602
9.9358,-84.0558,9.9567,-84.1132,2026-08-20T17:00:00Z,824.0,1028.0,1.2475728155339805
9.9358,-84.0558,9.9567,-84.1132,2026-08-20T18:00:00Z,824.0,972.0,1.1796116504854368
9.9358,-84.0558,9.9567,-84.1132,2026-08-20T19:00:00Z,824.0,1026.0,1.2451456310679612
9.9358,-84.0558,9.9567,-84.1132,2026-08-20T20:00:00Z,824.0,1065.0,1.2924757281553398
9.9358,-84.0558,9.9567,-84.1132,2026-08-20T21:00:00Z,824.0,1030.0,1.25
9.9358,-84.0558,9.9567,-84.1132,2026-08-20T22:00:00Z,824.0,1092.0,1.325242718446602
9.9358,-84.0558,9.9567,-84.1132,2026-08-20T23:00:00Z,824.0,1245.0,1.5109223300970873
9.9358,-84.0558,9.9567,-84.1132,2026-08-21T00:00:00Z,824.0,1031.0,1.2512135922330097
9.9358,-84.0558,9.9567,-84.1132,2026-08-21T01:00:00Z,824.0,837.0,1.0157766990291262
9.9358,-84.0558,9.9567,-84.1132,2026-08-21T02:00:00Z,824.0,813.0,0.9866504854368932
9.9358,-84.0558,9.9567,-84.1132,2026-08-21T03:00:00Z,824.0,791.0,0.9599514563106796
9.9358,-84.0558,9.9567,-84.1132,2026-08-21T04:00:00Z,824.0,776.0,0.941747572815534
9.9358,-84.0558,9.9567,-84.1132,2026-08-21T05:00:00Z,824.0,717.0,0.8701456310679612
9.9358,-84.0558,9.9567,-84.1132,2026-08-21T06:00:00Z,824.0,691.0,0.8385922330097088
9.9358,-84.0558,9.9567,-84.1132,2026-08-21T07:00:00Z,824.0,666.0,0.808252427184466
9.9358,-84.0558,9.9567,-84.1132,2026-08-21T08:00:00Z,824.0,628.0,0.7621359223300971
9.9358,-84.0558,9.9567,-84.1132,2026-08-21T09:00:00Z,824.0,641.0,0.7779126213592233
9.9358,-84.0558,9.9567,-84.1132,2026-08-21T10:00:00Z,824.0,674.0,0.8179611650485437
9.9358,-84.0558,9.9567,-84.1132,2026-08-21T11:00:00Z,824.0,741.0,0.8992718446601942
9.9358,-84.0558,9.9567,-84.1132,2026-08-21T12:00:00Z,824.0,887.0,1.0764563106796117
9.9358,-84.0558,9.9567,-84.1132,2026-08-21T13:00:00Z,824.0,977.0,1.1856796116504855
9.9358,-84.0558,9.9567,-84.1132,2026-08-21T14:00:00Z,824.0,970.0,1.1771844660194175
9.9358,-84.0558,9.9567,-84.1132,2026-08-21T15:00:00Z,824.0,1005.0,1.2196601941747574
9.9358,-84.0558,9.9567,-84.1132,2026-08-21T16:00:00Z,824.0,970.0,1.1771844660194175
9.9358,-84.0558,9.9567,-84.1132,2026-08-21T17:00:00Z,824.0,1001.0,1.2148058252427185
9.9358,-84.0558,9.9567,-84.1132,2026-08-21T18:00:00Z,824.0,1021.0,1.2390776699029127
9.9358,-84.0558,9.9567,-84.1132,2026-08-21T19:00:00Z,824.0,1054.0,1.279126213592233
9.9358,-84.0558,9.9567,-84.1132,2026-08-21T20:00:00Z,824.0,1069.0,1.2973300970873787
9.9358,-84.0558,9.9567,-84.1132,2026-08-21T21:00:00Z,824.0,1060.0,1.2864077669902914
9.9358,-84.0558,9.9567,-84.1132,2026-08-21T22:00:00Z,824.0,1089.0,1.3216019417475728
9.9358,-84.0558,9.9567,-84.1132,2026-08-21T23:00:00Z,824.0,1172.0,1.4223300970873787
9.9358,-84.0558,9.9567,-84.1132,2026-08-22T00:00:00Z,824.0,967.0,1.1735436893203883
9.9358,-84.0558,9.9567,-84.1132,2026-08-22T01:00:00Z,824.0,817.0,0.991504854368932
9.9358,-84.0558,9.9567,-84.1132,2026-08-22T02:00:00Z,824.0,803.0,0.9745145631067961
9.9358,-84.0558,9.9567,-84.1132,2026-08-22T03:00:00Z,824.0,797.0,0.9672330097087378
9.9358,-84.0558,9.9567,-84.1132,2026-08-22T04:00:00Z,824.0,765.0,0.9283980582524272
9.9358,-84.0558,9.9567,-84.1132,2026-08-22T05:00:00Z,824.0,737.0,0.8944174757281553
9.9358,-84.0558,9.9567,-84.1132,2026-08-22T06:00:00Z,824.0,713.0,0.8652912621359223
9.9358,-84.0558,9.9567,-84.1132,2026-08-22T07:00:00Z,824.0,685.0,0.8313106796116505
9.9358,-84.0558,9.9567,-84.1132,2026-08-22T08:00:00Z,824.0,662.0,0.8033980582524272
9.9358,-84.0558,9.9567,-84.1132,2026-08-22T09:00:00Z,824.0,637.0,0.7730582524271845
9.9358,-84.0558,9.9567,-84.1132,2026-08-22T10:00:00Z,824.0,657.0,0.7973300970873787
9.9358,-84.0558,9.9567,-84.1132,2026-08-22T11:00:00Z,824.0,702.0,0.8519417475728155
9.9358,-84.0558,9.9567,-84.1132,2026-08-22T12:00:00Z,824.0,733.0,0.8895631067961165
9.9358,-84.0558,9.9567,-84.1132,2026-08-22T13:00:00Z,824.0,724.0,0.8786407766990292
9.9358,-84.0558,9.9567,-84.1132,2026-08-22T14:00:00Z,824.0,765.0,0.9283980582524272
9.9358,-84.0558,9.9567,-84.1132,2026-08-22T15:00:00Z,824.0,833.0,1.0109223300970873
9.9358,-84.0558,9.9567,-84.1132,2026-08-22T16:00:00Z,824.0,848.0,1.029126213592233
9.9358,-84.0558,9.9567,-84.1132,2026-08-22T17:00:00Z,824.0,867.0,1.0521844660194175
9.9358,-84.0558,9.9567,-84.1132,2026-08-22T18:00:00Z,824.0,1030.0,1.25
9.9358,-84.0558,9.9567,-84.1132,2026-08-22T19:00:00Z,824.0,1024.0,1.2427184466019416
9.9358,-84.0558,9.9567,-84.1132,2026-08-22T20:00:00Z,824.0,1063.0,1.2900485436893203
9.9358,-84.0558,9.9567,-84.1132,2026-08-22T21:00:00Z,824.0,943.0,1.1444174757281553
9.9358,-84.0558,9.9567,-84.1132,2026-08-22T22:00:00Z,824.0,822.0,0.9975728155339806
9.9358,-84.0558,9.9567,-84.1132,2026-08-22T23:00:00Z,824.0,833.0,1.0109223300970873
9.9358,-84.0558,9.9567,-84.1132,2026-08-23T00:00:00Z,824.0,848.0,1.029126213592233
9.9358,-84.0558,9.9567,-84.1132,2026-08-23T01:00:00Z,824.0,793.0,0.962378640776699
9.9358,-84.0558,9.9567,-84.1132,2026-08-23T02:00:00Z,824.0,775.0,0.9405339805825242
9.9358,-84.0558,9.9567,-84.1132,2026-08-23T03:00:00Z,824.0,783.0,0.9502427184466019
9.9358,-84.0558,9.9567,-84.1132,2026-08-23T04:00:00Z,824.0,759.0,0.9211165048543689
9.9358,-84.0558,9.9567,-84.1132,2026-08-23T05:00:00Z,824.0,744.0,0.9029126213592233
9.9358,-84.0558,9.9567,-84.1132,2026-08-23T06:00:00Z,824.0,704.0,0.8543689320388349
9.9358,-84.0558,9.9567,-84.1132,2026-08-23T07:00:00Z,824.0,676.0,0.8203883495145631
9.9358,-84.0558,9.9567,-84.1132,2026-08-23T08:00:00Z,824.0,663.0,0.8046116504854369
9.9358,-84.0558,9.9567,-84.1132,2026-08-23T09:00:00Z,824.0,635.0,0.7706310679611651
9.9358,-84.0558,9.9567,-84.1132,2026-08-23T10:00:00Z,824.0,644.0,0.7815533980582524
9.9358,-84.0558,9.9567,-84.1132,2026-08-23T11:00:00Z,824.0,672.0,0.8155339805825242
9.9358,-84.0558,9.9567,-84.1132,2026-08-23T12:00:00Z,824.0,708.0,0.8592233009708737
9.9358,-84.0558,9.9567,-84.1132,2026-08-23T13:00:00Z,824.0,690.0,0.837378640776699
9.9358,-84.0558,9.9567,-84.1132,2026-08-23T14:00:00Z,824.0,711.0,0.8628640776699029
9.9358,-84.0558,9.9567,-84.1132,2026-08-23T15:00:00Z,824.0,714.0,0.866504854368932
9.9358,-84.0558,9.9567,-84.1132,2026-08-23T16:00:00Z,824.0,722.0,0.8762135922330098
9.9358,-84.0558,9.9567,-84.1132,2026-08-23T17:00:00Z,824.0,737.0,0.8944174757281553
9.9358,-84.0558,9.9567,-84.1132,2026-08-23T18:00:00Z,824.0,763.0,0.9259708737864077
9.9358,-84.0558,9.9567,-84.1132,2026-08-23T19:00:00Z,824.0,786.0,0.9538834951456311
9.9358,-84.0558,9.9567,-84.1132,2026-08-23T20:00:00Z,824.0,771.0,0.9356796116504854
9.9358,-84.0558,9.9567,-84.1132,2026-08-23T21:00:00Z,824.0,764.0,0.9271844660194175
9.9358,-84.0558,9.9567,-84.1132,2026-08-23T22:00:00Z,824.0,743.0,0.9016990291262136
9.9358,-84.0558,9.9567,-84.1132,2026-08-23T23:00:00Z,824.0,770.0,0.9344660194174758
9.9358,-84.0558,9.9567,-84.1132,2026-08-24T00:00:00Z,824.0,814.0,0.9878640776699029
9.9358,-84.0558,9.9567,-84.1132,2026-08-24T01:00:00Z,824.0,792.0,0.9611650485436893
9.9358,-84.0558,9.9567,-84.1132,2026-08-24T02:00:00Z,824.0,763.0,0.9259708737864077
9.9358,-84.0558,9.9567,-84.1132,2026-08-24T03:00:00Z,824.0,770.0,0.9344660194174758
9.9358,-84.0558,9.9567,-84.1132,2026-08-24T04:00:00Z,824.0,733.0,0.8895631067961165
9.9358,-84.0558,9.9567,-84.1132,2026-08-24T05:00:00Z,824.0,695.0,0.8434466019417476
9.9358,-84.0558,9.9567,-84.1132,2026-08-24T06:00:00Z,824.0,675.0,0.8191747572815534
9.9358,-84.0558,9.9567,-84.1132,2026-08-24T07:00:00Z,824.0,660.0,0.8009708737864077
9.9358,-84.0558,9.9567,-84.1132,2026-08-24T08:00:00Z,824.0,637.0,0.7730582524271845
9.9358,-84.0558,9.9567,-84.1132,2026-08-24T09:00:00Z,824.0,649.0,0.787621359223301
9.9358,-84.0558,9.9567,-84.1132,2026-08-24T10:00:00Z,824.0,684.0,0.8300970873786407
9.9358,-84.0558,9.9567,-84.1132,2026-08-24T11:00:00Z,824.0,760.0,0.9223300970873787
9.9358,-84.0558,9.9567,-84.1132,2026-08-24T12:00:00Z,824.0,1133.0,1.375
9.9358,-84.0558,9.9567,-84.1132,2026-08-24T13:00:00Z,824.0,1230.0,1.4927184466019416
9.9358,-84.0558,9.9567,-84.1132,2026-08-24T14:00:00Z,824.0,1106.0,1.3422330097087378
9.9358,-84.0558,9.9567,-84.1132,2026-08-24T15:00:00Z,824.0,1030.0,1.25
9.9358,-84.0558,9.9567,-84.1132,2026-08-24T16:00:00Z,824.0,936.0,1.1359223300970873
9.9358,-84.0558,9.9567,-84.1132,2026-08-24T17:00:00Z,824.0,913.0,1.108009708737864
9.9358,-84.0558,9.9567,-84.1132,2026-08-24T18:00:00Z,824.0,896.0,1.087378640776699
9.9358,-84.0558,9.9567,-84.1132,2026-08-24T19:00:00Z,824.0,889.0,1.078883495145631
9.9358,-84.0558,9.9567,-84.1132,2026-08-24T20:00:00Z,824.0,868.0,1.0533980582524272
9.9358,-84.0558,9.9567,-84.1132,2026-08-24T21:00:00Z,824.0,888.0,1.0776699029126213
9.9358,-84.0558,9.9567,-84.1132,2026-08-24T22:00:00Z,824.0,916.0,1.1116504854368932
9.9358,-84.0558,9.9567,-84.1132,2026-08-24T23:00:00Z,824.0,1042.0,1.2645631067961165
9.9358,-84.0558,9.9567,-84.1132,2026-08-25T00:00:00Z,824.0,923.0,1.1201456310679612
9.9358,-84.0558,9.9567,-84.1132,2026-08-25T01:00:00Z,824.0,792.0,0.9611650485436893
9.9358,-84.0558,9.9567,-84.1132,2026-08-25T02:00:00Z,824.0,768.0,0.9320388349514563
9.9358,-84.0558,9.9567,-84.1132,2026-08-25T03:00:00Z,824.0,771.0,0.9356796116504854
9.9358,-84.0558,9.9567,-84.1132,2026-08-25T04:00:00Z,824.0,732.0,0.8883495145631068
9.9358,-84.0558,9.9567,-84.1132,2026-08-25T05:00:00Z,824.0,690.0,0.837378640776699
9.9358,-84.0558,9.9567,-84.1132,2026-08-25T06:00:00Z,824.0,668.0,0.8106796116504854
