time,temperature_2m,relative_humidity_2m,wind_speed_10m,latitude,longitude
2026-05-19T00:00,23.7,68,7.6,9.9331,-84.0792
2026-05-19T01:00,22.2,74,9.4,9.9331,-84.0792
2026-05-19T02:00,21.4,77,10.3,9.9331,-84.0792
2026-05-19T03:00,21.0,77,10.8,9.9331,-84.0792
2026-05-19T04:00,21.1,76,11.1,9.9331,-84.0792
2026-05-19T05:00,21.0,76,9.9,9.9331,-84.0792
2026-05-19T06:00,20.7,76,8.7,9.9331,-84.0792
2026-05-19T07:00,20.6,76,8.8,9.9331,-84.0792
2026-05-19T08:00,20.3,77,8.6,9.9331,-84.0792
2026-05-19T09:00,20.4,77,8.5,9.9331,-84.0792
2026-05-19T10:00,20.6,78,8.7,9.9331,-84.0792
2026-05-19T11:00,20.7,77,9.4,9.9331,-84.0792
2026-05-19T12:00,20.8,78,9.3,9.9331,-84.0792
2026-05-19T13:00,22.0,72,11.4,9.9331,-84.0792
2026-05-19T14:00,24.1,64,11.4,9.9331,-84.0792
2026-05-19T15:00,26.2,57,10.9,9.9331,-84.0792
2026-05-19T16:00,27.5,53,7.7,9.9331,-84.0792
2026-05-19T17:00,28.5,51,8.9,9.9331,-84.0792
2026-05-19T18:00,28.9,46,9.8,9.9331,-84.0792
2026-05-19T19:00,27.4,53,9.0,9.9331,-84.0792
2026-05-19T20:00,26.6,57,6.8,9.9331,-84.0792
2026-05-19T21:00,25.3,62,4.8,9.9331,-84.0792
2026-05-19T22:00,25.1,62,2.2,9.9331,-84.0792
2026-05-19T23:00,24.0,70,7.6,9.9331,-84.0792
2026-05-20T00:00,23.8,72,7.6,9.9331,-84.0792
2026-05-20T01:00,22.8,76,9.7,9.9331,-84.0792
2026-05-20T02:00,22.1,77,9.5,9.9331,-84.0792
2026-05-20T03:00,21.8,77,10.1,9.9331,-84.0792
2026-05-20T04:00,21.5,77,10.7,9.9331,-84.0792
2026-05-20T05:00,21.3,78,11.8,9.9331,-84.0792
2026-05-20T06:00,21.0,77,10.1,9.9331,-84.0792
2026-05-20T07:00,20.9,77,10.3,9.9331,-84.0792
2026-05-20T08:00,20.9,78,10.5,9.9331,-84.0792
2026-05-20T09:00,20.7,80,9.6,9.9331,-84.0792
2026-05-20T10:00,20.9,80,9.6,9.9331,-84.0792
2026-05-20T11:00,21.0,79,11.5,9.9331,-84.0792
2026-05-20T12:00,21.4,78,11.1,9.9331,-84.0792
2026-05-20T13:00,22.0,75,11.5,9.9331,-84.0792
2026-05-20T14:00,23.2,73,11.7,9.9331,-84.0792
2026-05-20T15:00,24.0,69,11.5,9.9331,-84.0792
2026-05-20T16:00,23.7,70,10.7,9.9331,-84.0792
2026-05-20T17:00,23.6,72,9.9,9.9331,-84.0792
2026-05-20T18:00,24.7,65,6.7,9.9331,-84.0792
2026-05-20T19:00,25.1,63,10.5,9.9331,-84.0792
2026-05-20T20:00,24.1,68,9.4,9.9331,-84.0792
2026-05-20T21:00,24.7,66,11.9,9.9331,-84.0792
2026-05-20T22:00,23.5,72,11.2,9.9331,-84.0792
2026-05-20T23:00,22.4,78,10.7,9.9331,-84.0792
2026-05-21T00:00,22.0,79,11.3,9.9331,-84.0792
2026-05-21T01:00,21.5,78,11.2,9.9331,-84.0792
2026-05-21T02:00,21.0,78,9.9,9.9331,-84.0792
2026-05-21T03:00,20.4,80,11.6,9.9331,-84.0792
2026-05-21T04:00,20.1,80,12.3,9.9331,-84.0792
2026-05-21T05:00,20.5,76,12.6,9.9331,-84.0792
2026-05-21T06:00,19.5,75,11.7,9.9331,-84.0792
2026-05-21T07:00,19.5,73,12.8,9.9331,-84.0792
2026-05-21T08:00,19.7,73,11.5,9.9331,-84.0792
2026-05-21T09:00,19.4,76,10.6,9.9331,-84.0792
2026-05-21T10:00,18.6,80,9.4,9.9331,-84.0792
2026-05-21T11:00,18.0,83,9.5,9.9331,-84.0792
2026-05-21T12:00,18.5,78,10.0,9.9331,-84.0792
2026-05-21T13:00,21.1,66,10.5,9.9331,-84.0792
2026-05-21T14:00,23.3,60,11.1,9.9331,-84.0792
2026-05-21T15:00,24.8,57,10.2,9.9331,-84.0792
2026-05-21T16:00,26.6,51,9.1,9.9331,-84.0792
2026-05-21T17:00,27.7,47,7.7,9.9331,-84.0792
2026-05-21T18:00,28.0,46,8.1,9.9331,-84.0792
2026-05-21T19:00,27.5,49,9.0,9.9331,-84.0792
2026-05-21T20:00,25.2,60,4.9,9.9331,-84.0792
2026-05-21T21:00,23.6,70,4.4,9.9331,-84.0792
2026-05-21T22:00,23.7,71,3.6,9.9331,-84.0792
2026-05-21T23:00,22.7,75,3.1,9.9331,-84.0792
2026-05-22T00:00,23.1,71,5.8,9.9331,-84.0792
2026-05-22T01:00,22.6,73,5.0,9.9331,-84.0792
2026-05-22T02:00,22.0,77,3.6,9.9331,-84.0792
2026-05-22T03:00,21.5,79,4.8,9.9331,-84.0792
2026-05-22T04:00,21.0,82,6.7,9.9331,-84.0792
2026-05-22T05:00,20.4,84,8.3,9.9331,-84.0792
2026-05-22T06:00,20.2,80,8.6,9.9331,-84.0792
2026-05-22T07:00,20.1,79,9.4,9.9331,-84.0792
2026-05-22T08:00,20.1,79,9.2,9.9331,-84.0792
2026-05-22T09:00,19.9,79,9.7,9.9331,-84.0792
2026-05-22T10:00,20.0,79,10.5,9.9331,-84.0792
2026-05-22T11:00,19.9,77,9.6,9.9331,-84.0792
2026-05-22T12:00,20.3,78,10.6,9.9331,-84.0792
2026-05-22T13:00,21.9,70,11.7,9.9331,-84.0792
2026-05-22T14:00,21.9,77,8.7,9.9331,-84.0792
2026-05-22T15:00,23.5,72,6.7,9.9331,-84.0792
2026-05-22T16:00,26.0,60,7.2,9.9331,-84.0792
2026-05-22T17:00,27.4,57,4.4,9.9331,-84.0792
2026-05-22T18:00,27.2,53,2.6,9.9331,-84.0792
2026-05-22T19:00,25.3,62,4.7,9.9331,-84.0792
2026-05-22T20:00,24.9,65,5.2,9.9331,-84.0792
2026-05-22T21:00,24.5,65,4.4,9.9331,-84.0792
2026-05-22T22:00,24.2,67,6.1,9.9331,-84.0792
2026-05-22T23:00,23.6,70,5.8,9.9331,-84.0792
2026-05-23T00:00,23.7,69,4.7,9.9331,-84.0792
2026-05-23T01:00,23.1,70,5.8,9.9331,-84.0792
2026-05-23T02:00,22.5,72,4.9,9.9331,-84.0792
2026-05-23T03:00,22.2,73,5.0,9.9331,-84.0792
2026-05-23T04:00,22.0,75,7.6,9.9331,-84.0792
2026-05-23T05:00,21.4,78,3.1,9.9331,-84.0792
2026-05-23T06:00,20.8,77,8.5,9.9331,-84.0792
2026-05-23T07:00,20.4,77,10.1,9.9331,-84.0792
2026-05-23T08:00,20.7,75,8.2,9.9331,-84.0792
2026-05-23T09:00,20.6,76,8.5,9.9331,-84.0792
2026-05-23T10:00,19.9,79,10.2,9.9331,-84.0792
2026-05-23T11:00,19.6,78,10.8,9.9331,-84.0792
2026-05-23T12:00,21.0,74,10.4,9.9331,-84.0792
2026-05-23T13:00,22.5,69,11.7,9.9331,-84.0792
2026-05-23T14:00,24.4,64,13.0,9.9331,-84.0792
2026-05-23T15:00,26.7,55,11.2,9.9331,-84.0792
2026-05-23T16:00,27.8,51,10.6,9.9331,-84.0792
2026-05-23T17:00,28.1,51,8.9,9.9331,-84.0792
2026-05-23T18:00,28.7,45,9.2,9.9331,-84.0792
2026-05-23T19:00,27.9,51,10.5,9.9331,-84.0792
2026-05-23T20:00,27.8,51,3.6,9.9331,-84.0792
2026-05-23T21:00,24.7,63,3.7,9.9331,-84.0792
2026-05-23T22:00,23.9,68,4.6,9.9331,-84.0792
2026-05-23T23:00,24.2,64,8.0,9.9331,-84.0792
2026-05-24T00:00,23.0,70,7.9,9.9331,-84.0792
2026-05-24T01:00,22.4,74,7.0,9.9331,-84.0792
2026-05-24T02:00,22.3,74,6.3,9.9331,-84.0792
2026-05-24T03:00,22.0,76,6.3,9.9331,-84.0792
2026-05-24T04:00,21.4,79,7.8,9.9331,-84.0792
2026-05-24T05:00,21.3,79,8.8,9.9331,-84.0792
2026-05-24T06:00,20.9,77,10.7,9.9331,-84.0792
2026-05-24T07:00,20.6,74,12.1,9.9331,-84.0792
2026-05-24T08:00,20.4,73,11.6,9.9331,-84.0792
2026-05-24T09:00,19.9,76,11.3,9.9331,-84.0792
2026-05-24T10:00,19.3,79,12.1,9.9331,-84.0792
2026-05-24T11:00,18.8,81,11.2,9.9331,-84.0792
2026-05-24T12:00,20.1,77,10.6,9.9331,-84.0792
2026-05-24T13:00,21.9,69,10.5,9.9331,-84.0792
2026-05-24T14:00,24.0,64,11.9,9.9331,-84.0792
2026-05-24T15:00,26.7,55,11.4,9.9331,-84.0792
2026-05-24T16:00,28.1,51,8.8,9.9331,-84.0792
2026-05-24T17:00,28.5,52,8.1,9.9331,-84.0792
2026-05-24T18:00,27.5,54,2.3,9.9331,-84.0792
2026-05-24T19:00,27.2,57,4.2,9.9331,-84.0792
2026-05-24T20:00,25.8,62,3.5,9.9331,-84.0792
2026-05-24T21:00,25.2,66,4.8,9.9331,-84.0792
2026-05-24T22:00,24.5,69,2.7,9.9331,-84.0792
2026-05-24T23:00,23.5,74,6.2,9.9331,-84.0792
2026-05-25T00:00,23.1,75,8.4,9.9331,-84.0792
2026-05-25T01:00,22.5,77,8.5,9.9331,-84.0792
2026-05-25T02:00,22.1,78,8.3,9.9331,-84.0792
2026-05-25T03:00,21.8,78,9.2,9.9331,-84.0792
2026-05-25T04:00,21.6,78,8.8,9.9331,-84.0792
2026-05-25T05:00,21.4,78,8.3,9.9331,-84.0792
2026-05-25T06:00,21.0,76,6.5,9.9331,-84.0792
2026-05-25T07:00,20.6,77,7.0,9.9331,-84.0792
2026-05-25T08:00,20.3,78,7.2,9.9331,-84.0792
2026-05-25T09:00,20.0,78,9.5,9.9331,-84.0792
2026-05-25T10:00,19.9,76,11.3,9.9331,-84.0792
2026-05-25T11:00,19.5,75,10.1,9.9331,-84.0792
2026-05-25T12:00,19.8,76,9.7,9.9331,-84.0792
2026-05-25T13:00,21.5,66,11.3,9.9331,-84.0792
2026-05-25T14:00,23.5,59,10.3,9.9331,-84.0792
2026-05-25T15:00,25.4,53,10.7,9.9331,-84.0792
2026-05-25T16:00,27.1,47,8.5,9.9331,-84.0792
2026-05-25T17:00,28.2,43,7.2,9.9331,-84.0792
2026-05-25T18:00,29.4,39,6.4,9.9331,-84.0792
2026-05-25T19:00,28.1,47,6.7,9.9331,-84.0792
2026-05-25T20:00,26.8,53,8.8,9.9331,-84.0792
2026-05-25T21:00,26.9,54,8.8,9.9331,-84.0792
2026-05-25T22:00,26.1,56,5.9,9.9331,-84.0792
2026-05-25T23:00,24.9,60,4.9,9.9331,-84.0792
2026-05-26T00:00,23.3,69,7.1,9.9331,-84.0792
2026-05-26T01:00,22.7,72,7.5,9.9331,-84.0792
2026-05-26T02:00,22.2,73,6.5,9.9331,-84.0792
2026-05-26T03:00,21.7,76,9.0,9.9331,-84.0792
2026-05-26T04:00,21.3,77,9.4,9.9331,-84.0792
2026-05-26T05:00,21.2,77,6.6,9.9331,-84.0792
2026-05-26T06:00,20.8,76,7.9,9.9331,-84.0792
2026-05-26T07:00,20.5,76,8.9,9.9331,-84.0792
2026-05-26T08:00,20.5,77,9.3,9.9331,-84.0792
2026-05-26T09:00,20.6,77,8.5,9.9331,-84.0792
2026-05-26T10:00,20.6,77,8.0,9.9331,-84.0792
2026-05-26T11:00,20.6,77,7.3,9.9331,-84.0792
2026-05-26T12:00,21.1,77,8.5,9.9331,-84.0792
2026-05-26T13:00,22.1,73,8.5,9.9331,-84.0792
2026-05-26T14:00,23.3,67,8.9,9.9331,-84.0792
2026-05-26T15:00,24.7,61,6.6,9.9331,-84.0792
2026-05-26T16:00,25.1,59,5.9,9.9331,-84.0792
2026-05-26T17:00,25.1,59,3.6,9.9331,-84.0792
2026-05-26T18:00,25.3,58,4.2,9.9331,-84.0792
2026-05-26T19:00,25.6,58,1.5,9.9331,-84.0792
2026-05-26T20:00,25.7,57,2.2,9.9331,-84.0792
2026-05-26T21:00,25.2,58,3.3,9.9331,-84.0792
2026-05-26T22:00,23.8,68,3.1,9.9331,-84.0792
2026-05-26T23:00,23.3,70,2.9,9.9331,-84.0792
2026-05-27T00:00,22.5,73,2.8,9.9331,-84.0792
2026-05-27T01:00,22.3,73,5.2,9.9331,-84.0792
2026-05-27T02:00,22.0,73,4.7,9.9331,-84.0792
2026-05-27T03:00,21.8,75,3.8,9.9331,-84.0792
2026-05-27T04:00,21.3,77,7.3,9.9331,-84.0792
2026-05-27T05:00,21.4,76,6.6,9.9331,-84.0792
2026-05-27T06:00,20.9,77,7.1,9.9331,-84.0792
2026-05-27T07:00,20.5,75,8.4,9.9331,-84.0792
2026-05-27T08:00,20.4,74,8.8,9.9331,-84.0792
2026-05-27T09:00,20.4,72,8.6,9.9331,-84.0792
2026-05-27T10:00,20.5,70,9.4,9.9331,-84.0792
2026-05-27T11:00,20.8,69,7.8,9.9331,-84.0792
2026-05-27T12:00,20.3,79,9.9,9.9331,-84.0792
2026-05-27T13:00,21.4,73,9.4,9.9331,-84.0792
2026-05-27T14:00,23.8,61,6.5,9.9331,-84.0792
2026-05-27T15:00,27.5,48,5.6,9.9331,-84.0792
2026-05-27T16:00,29.3,41,4.6,9.9331,-84.0792
2026-05-27T17:00,29.2,41,2.8,9.9331,-84.0792
2026-05-27T18:00,29.6,43,5.5,9.9331,-84.0792
2026-05-27T19:00,28.0,49,4.5,9.9331,-84.0792
2026-05-27T20:00,25.7,60,5.7,9.9331,-84.0792
2026-05-27T21:00,23.9,70,5.6,9.9331,-84.0792
2026-05-27T22:00,23.8,71,1.8,9.9331,-84.0792
2026-05-27T23:00,23.4,73,2.7,9.9331,-84.0792
2026-05-28T00:00,23.3,70,3.8,9.9331,-84.0792
2026-05-28T01:00,22.8,71,5.0,9.9331,-84.0792
2026-05-28T02:00,22.2,73,7.3,9.9331,-84.0792
2026-05-28T03:00,21.9,75,10.3,9.9331,-84.0792
2026-05-28T04:00,21.8,77,9.0,9.9331,-84.0792
2026-05-28T05:00,21.1,78,9.8,9.9331,-84.0792
2026-05-28T06:00,20.2,85,9.6,9.9331,-84.0792
2026-05-28T07:00,19.6,90,9.4,9.9331,-84.0792
2026-05-28T08:00,19.2,93,8.9,9.9331,-84.0792
2026-05-28T09:00,19.3,91,13.3,9.9331,-84.0792
2026-05-28T10:00,19.0,87,13.1,9.9331,-84.0792
2026-05-28T11:00,19.0,85,11.2,9.9331,-84.0792
2026-05-28T12:00,20.2,84,8.3,9.9331,-84.0792
2026-05-28T13:00,21.5,77,9.4,9.9331,-84.0792
2026-05-28T14:00,24.0,67,8.0,9.9331,-84.0792
2026-05-28T15:00,26.2,58,5.1,9.9331,-84.0792
2026-05-28T16:00,26.9,56,3.3,9.9331,-84.0792
2026-05-28T17:00,26.6,57,6.3,9.9331,-84.0792
2026-05-28T18:00,27.0,53,6.8,9.9331,-84.0792
2026-05-28T19:00,24.6,68,5.9,9.9331,-84.0792
2026-05-28T20:00,24.3,71,3.5,9.9331,-84.0792
2026-05-28T21:00,24.2,74,3.5,9.9331,-84.0792
2026-05-28T22:00,22.7,82,4.4,9.9331,-84.0792
2026-05-28T23:00,20.8,89,3.0,9.9331,-84.0792
2026-05-29T00:00,21.7,86,3.2,9.9331,-84.0792
2026-05-29T01:00,21.0,92,2.7,9.9331,-84.0792
2026-05-29T02:00,20.8,93,1.0,9.9331,-84.0792
2026-05-29T03:00,20.9,88,4.3,9.9331,-84.0792
2026-05-29T04:00,21.0,85,1.9,9.9331,-84.0792
2026-05-29T05:00,20.4,86,5.9,9.9331,-84.0792
2026-05-29T06:00,19.8,94,2.7,9.9331,-84.0792
2026-05-29T07:00,19.5,96,4.6,9.9331,-84.0792
2026-05-29T08:00,19.2,96,6.8,9.9331,-84.0792
2026-05-29T09:00,19.0,95,8.1,9.9331,-84.0792
2026-05-29T10:00,19.1,92,8.2,9.9331,-84.0792
2026-05-29T11:00,19.1,91,8.6,9.9331,-84.0792
2026-05-29T12:00,19.3,92,5.2,9.9331,-84.0792
2026-05-29T13:00,20.8,88,2.4,9.9331,-84.0792
2026-05-29T14:00,22.9,73,0.4,9.9331,-84.0792
2026-05-29T15:00,24.5,67,1.1,9.9331,-84.0792
2026-05-29T16:00,25.1,65,2.9,9.9331,-84.0792
2026-05-29T17:00,24.6,69,4.0,9.9331,-84.0792
2026-05-29T18:00,22.3,83,7.4,9.9331,-84.0792
2026-05-29T19:00,22.3,83,4.8,9.9331,-84.0792
2026-05-29T20:00,22.6,82,3.4,9.9331,-84.0792
2026-05-29T21:00,22.2,83,3.1,9.9331,-84.0792
2026-05-29T22:00,22.0,86,3.3,9.9331,-84.0792
2026-05-29T23:00,21.7,88,3.9,9.9331,-84.0792
2026-05-30T00:00,21.6,83,6.4,9.9331,-84.0792
2026-05-30T01:00,20.9,85,6.7,9.9331,-84.0792
2026-05-30T02:00,20.1,88,4.5,9.9331,-84.0792
2026-05-30T03:00,19.8,91,1.9,9.9331,-84.0792
2026-05-30T04:00,19.5,94,1.5,9.9331,-84.0792
2026-05-30T05:00,19.4,94,1.5,9.9331,-84.0792
2026-05-30T06:00,19.5,89,4.1,9.9331,-84.0792
2026-05-30T07:00,19.0,92,3.7,9.9331,-84.0792
2026-05-30T08:00,18.7,90,4.3,9.9331,-84.0792
2026-05-30T09:00,18.7,89,4.5,9.9331,-84.0792
2026-05-30T10:00,18.3,88,6.1,9.9331,-84.0792
2026-05-30T11:00,18.2,86,6.7,9.9331,-84.0792
2026-05-30T12:00,18.4,82,7.8,9.9331,-84.0792
2026-05-30T13:00,21.4,72,2.9,9.9331,-84.0792
2026-05-30T14:00,22.9,64,3.1,9.9331,-84.0792
2026-05-30T15:00,23.8,66,6.3,9.9331,-84.0792
2026-05-30T16:00,24.5,66,4.7,9.9331,-84.0792
2026-05-30T17:00,25.8,62,7.4,9.9331,-84.0792
2026-05-30T18:00,25.1,65,9.6,9.9331,-84.0792
2026-05-30T19:00,25.5,59,9.0,9.9331,-84.0792
2026-05-30T20:00,23.0,75,9.9,9.9331,-84.0792
2026-05-30T21:00,21.8,88,4.0,9.9331,-84.0792
2026-05-30T22:00,21.0,94,3.6,9.9331,-84.0792
2026-05-30T23:00,20.7,92,2.4,9.9331,-84.0792
2026-05-31T00:00,20.7,98,3.1,9.9331,-84.0792
2026-05-31T01:00,20.9,96,1.5,9.9331,-84.0792
2026-05-31T02:00,20.8,95,0.6,9.9331,-84.0792
2026-05-31T03:00,20.5,95,2.1,9.9331,-84.0792
2026-05-31T04:00,20.1,98,1.5,9.9331,-84.0792
2026-05-31T05:00,20.1,95,2.1,9.9331,-84.0792
2026-05-31T06:00,19.6,95,5.4,9.9331,-84.0792
2026-05-31T07:00,19.1,93,7.7,9.9331,-84.0792
2026-05-31T08:00,18.6,92,8.6,9.9331,-84.0792
2026-05-31T09:00,18.1,92,9.7,9.9331,-84.0792
2026-05-31T10:00,18.1,92,10.0,9.9331,-84.0792
2026-05-31T11:00,18.3,89,9.5,9.9331,-84.0792
2026-05-31T12:00,19.1,84,9.0,9.9331,-84.0792
2026-05-31T13:00,21.4,77,8.1,9.9331,-84.0792
2026-05-31T14:00,23.6,70,7.6,9.9331,-84.0792
2026-05-31T15:00,25.2,65,5.1,9.9331,-84.0792
2026-05-31T16:00,26.8,61,4.3,9.9331,-84.0792
2026-05-31T17:00,25.9,64,4.6,9.9331,-84.0792
2026-05-31T18:00,25.9,60,4.1,9.9331,-84.0792
2026-05-31T19:00,25.6,65,2.7,9.9331,-84.0792
2026-05-31T20:00,26.2,62,2.0,9.9331,-84.0792
2026-05-31T21:00,24.9,68,4.0,9.9331,-84.0792
2026-05-31T22:00,24.0,77,4.3,9.9331,-84.0792
2026-05-31T23:00,23.1,83,4.3,9.9331,-84.0792
2026-06-01T00:00,22.1,92,1.0,9.9331,-84.0792
2026-06-01T01:00,22.2,91,2.4,9.9331,-84.0792
2026-06-01T02:00,22.0,92,4.7,9.9331,-84.0792
2026-06-01T03:00,22.0,88,7.7,9.9331,-84.0792
2026-06-01T04:00,21.4,88,8.1,9.9331,-84.0792
2026-06-01T05:00,20.8,90,7.7,9.9331,-84.0792
2026-06-01T06:00,20.8,85,6.9,9.9331,-84.0792
2026-06-01T07:00,20.6,85,6.9,9.9331,-84.0792
2026-06-01T08:00,20.3,86,6.6,9.9331,-84.0792
2026-06-01T09:00,19.7,88,7.4,9.9331,-84.0792
2026-06-01T10:00,19.2,89,8.3,9.9331,-84.0792
2026-06-01T11:00,19.5,86,8.5,9.9331,-84.0792
2026-06-01T12:00,20.3,83,8.5,9.9331,-84.0792
2026-06-01T13:00,21.9,74,10.3,9.9331,-84.0792
2026-06-01T14:00,23.4,70,9.7,9.9331,-84.0792
2026-06-01T15:00,25.0,66,8.8,9.9331,-84.0792
2026-06-01T16:00,26.3,63,7.4,9.9331,-84.0792
2026-06-01T17:00,26.6,61,8.3,9.9331,-84.0792
2026-06-01T18:00,26.0,64,8.1,9.9331,-84.0792
2026-06-01T19:00,26.2,62,11.7,9.9331,-84.0792
2026-06-01T20:00,26.0,63,12.4,9.9331,-84.0792
2026-06-01T21:00,26.0,64,9.1,9.9331,-84.0792
2026-06-01T22:00,25.5,65,7.7,9.9331,-84.0792
2026-06-01T23:00,24.2,72,8.5,9.9331,-84.0792
2026-06-02T00:00,22.6,79,7.7,9.9331,-84.0792
2026-06-02T01:00,21.9,82,9.2,9.9331,-84.0792
2026-06-02T02:00,21.6,81,8.3,9.9331,-84.0792
2026-06-02T03:00,21.5,80,7.0,9.9331,-84.0792
2026-06-02T04:00,21.2,81,6.5,9.9331,-84.0792
2026-06-02T05:00,21.0,81,5.8,9.9331,-84.0792
2026-06-02T06:00,19.8,86,7.5,9.9331,-84.0792
2026-06-02T07:00,20.0,81,6.8,9.9331,-84.0792
2026-06-02T08:00,19.6,83,6.9,9.9331,-84.0792
2026-06-02T09:00,19.6,84,6.7,9.9331,-84.0792
2026-06-02T10:00,19.3,85,7.8,9.9331,-84.0792
2026-06-02T11:00,19.0,85,8.7,9.9331,-84.0792
2026-06-02T12:00,20.4,81,8.2,9.9331,-84.0792
2026-06-02T13:00,22.0,74,8.3,9.9331,-84.0792
2026-06-02T14:00,23.5,69,8.8,9.9331,-84.0792
2026-06-02T15:00,25.1,64,8.6,9.9331,-84.0792
2026-06-02T16:00,25.7,64,7.2,9.9331,-84.0792
2026-06-02T17:00,24.2,77,5.1,9.9331,-84.0792
2026-06-02T18:00,23.7,79,2.1,9.9331,-84.0792
2026-06-02T19:00,23.3,80,4.2,9.9331,-84.0792
2026-06-02T20:00,24.7,72,4.4,9.9331,-84.0792
2026-06-02T21:00,25.3,66,4.2,9.9331,-84.0792
2026-06-02T22:00,25.1,66,2.9,9.9331,-84.0792
2026-06-02T23:00,22.8,78,5.1,9.9331,-84.0792
2026-06-03T00:00,23.2,72,3.1,9.9331,-84.0792
2026-06-03T01:00,22.3,75,5.6,9.9331,-84.0792
2026-06-03T02:00,21.5,79,7.8,9.9331,-84.0792
2026-06-03T03:00,21.3,79,7.6,9.9331,-84.0792
2026-06-03T04:00,21.2,79,6.5,9.9331,-84.0792
2026-06-03T05:00,21.0,81,5.0,9.9331,-84.0792
2026-06-03T06:00,19.7,88,5.3,9.9331,-84.0792
2026-06-03T07:00,19.1,90,5.7,9.9331,-84.0792
2026-06-03T08:00,19.0,90,4.5,9.9331,-84.0792
2026-06-03T09:00,19.2,87,4.9,9.9331,-84.0792
2026-06-03T10:00,19.1,87,5.1,9.9331,-84.0792
2026-06-03T11:00,19.2,89,3.4,9.9331,-84.0792
2026-06-03T12:00,20.0,85,6.1,9.9331,-84.0792
2026-06-03T13:00,22.0,74,5.7,9.9331,-84.0792
2026-06-03T14:00,23.0,70,5.4,9.9331,-84.0792
2026-06-03T15:00,24.8,66,2.0,9.9331,-84.0792
2026-06-03T16:00,25.6,66,4.1,9.9331,-84.0792
2026-06-03T17:00,23.0,80,4.7,9.9331,-84.0792
2026-06-03T18:00,23.7,77,3.6,9.9331,-84.0792
2026-06-03T19:00,21.0,89,8.2,9.9331,-84.0792
2026-06-03T20:00,20.5,98,6.0,9.9331,-84.0792
2026-06-03T21:00,20.7,95,5.0,9.9331,-84.0792
2026-06-03T22:00,20.3,99,4.4,9.9331,-84.0792
2026-06-03T23:00,20.0,100,1.8,9.9331,-84.0792
2026-06-04T00:00,20.2,93,1.3,9.9331,-84.0792
2026-06-04T01:00,20.2,96,1.2,9.9331,-84.0792
2026-06-04T02:00,20.1,95,1.4,9.9331,-84.0792
2026-06-04T03:00,20.2,93,0.2,9.9331,-84.0792
2026-06-04T04:00,19.7,96,2.2,9.9331,-84.0792
2026-06-04T05:00,19.2,98,3.3,9.9331,-84.0792
2026-06-04T06:00,19.0,95,3.4,9.9331,-84.0792
2026-06-04T07:00,18.7,94,4.2,9.9331,-84.0792
2026-06-04T08:00,18.7,94,4.5,9.9331,-84.0792
2026-06-04T09:00,18.2,94,3.9,9.9331,-84.0792
2026-06-04T10:00,18.0,94,5.1,9.9331,-84.0792
2026-06-04T11:00,18.0,94,6.1,9.9331,-84.0792
2026-06-04T12:00,18.8,92,7.8,9.9331,-84.0792
2026-06-04T13:00,20.7,84,7.3,9.9331,-84.0792
2026-06-04T14:00,22.9,75,4.8,9.9331,-84.0792
2026-06-04T15:00,24.4,71,2.3,9.9331,-84.0792
2026-06-04T16:00,22.9,82,9.3,9.9331,-84.0792
2026-06-04T17:00,21.4,91,6.0,9.9331,-84.0792
2026-06-04T18:00,21.3,93,8.5,9.9331,-84.0792
2026-06-04T19:00,21.9,90,5.6,9.9331,-84.0792
2026-06-04T20:00,19.8,94,3.7,9.9331,-84.0792
2026-06-04T21:00,20.0,98,2.7,9.9331,-84.0792
2026-06-04T22:00,20.0,97,3.6,9.9331,-84.0792
2026-06-04T23:00,19.8,99,2.2,9.9331,-84.0792
2026-06-05T00:00,19.6,95,3.1,9.9331,-84.0792
2026-06-05T01:00,19.4,98,2.5,9.9331,-84.0792
2026-06-05T02:00,19.5,96,3.1,9.9331,-84.0792
2026-06-05T03:00,19.3,98,0.8,9.9331,-84.0792
2026-06-05T04:00,19.3,97,1.8,9.9331,-84.0792
2026-06-05T05:00,19.0,98,4.4,9.9331,-84.0792
2026-06-05T06:00,18.9,95,3.8,9.9331,-84.0792
2026-06-05T07:00,18.8,96,1.3,9.9331,-84.0792
2026-06-05T08:00,18.5,97,0.4,9.9331,-84.0792
2026-06-05T09:00,18.3,95,3.5,9.9331,-84.0792
2026-06-05T10:00,18.2,95,2.1,9.9331,-84.0792
2026-06-05T11:00,18.1,93,1.6,9.9331,-84.0792
2026-06-05T12:00,19.0,96,4.6,9.9331,-84.0792
2026-06-05T13:00,20.9,88,3.5,9.9331,-84.0792
2026-06-05T14:00,22.2,78,3.8,9.9331,-84.0792
2026-06-05T15:00,23.0,76,5.7,9.9331,-84.0792
2026-06-05T16:00,24.0,76,7.3,9.9331,-84.0792
2026-06-05T17:00,22.0,86,9.4,9.9331,-84.0792
2026-06-05T18:00,20.7,90,7.9,9.9331,-84.0792
2026-06-05T19:00,20.4,93,4.7,9.9331,-84.0792
2026-06-05T20:00,21.5,88,6.9,9.9331,-84.0792
2026-06-05T21:00,19.4,100,5.5,9.9331,-84.0792
2026-06-05T22:00,19.2,100,2.7,9.9331,-84.0792
2026-06-05T23:00,19.6,97,0.7,9.9331,-84.0792
2026-06-06T00:00,19.0,98,4.3,9.9331,-84.0792
2026-06-06T01:00,19.0,98,4.4,9.9331,-84.0792
2026-06-06T02:00,18.9,99,3.6,9.9331,-84.0792
2026-06-06T03:00,18.9,98,1.8,9.9331,-84.0792
2026-06-06T04:00,18.9,98,1.1,9.9331,-84.0792
2026-06-06T05:00,19.0,98,2.8,9.9331,-84.0792
2026-06-06T06:00,19.0,96,0.7,9.9331,-84.0792
2026-06-06T07:00,18.7,98,1.2,9.9331,-84.0792
2026-06-06T08:00,18.8,96,2.4,9.9331,-84.0792
2026-06-06T09:00,18.7,95,1.4,9.9331,-84.0792
2026-06-06T10:00,18.7,95,0.3,9.9331,-84.0792
2026-06-06T11:00,18.6,94,3.6,9.9331,-84.0792
2026-06-06T12:00,19.4,95,2.1,9.9331,-84.0792
2026-06-06T13:00,20.0,93,1.3,9.9331,-84.0792
2026-06-06T14:00,20.9,87,2.7,9.9331,-84.0792
2026-06-06T15:00,22.0,81,4.0,9.9331,-84.0792
2026-06-06T16:00,22.8,80,6.2,9.9331,-84.0792
2026-06-06T17:00,23.0,75,7.6,9.9331,-84.0792
2026-06-06T18:00,24.0,66,9.7,9.9331,-84.0792
2026-06-06T19:00,22.3,85,8.1,9.9331,-84.0792
2026-06-06T20:00,21.0,92,5.4,9.9331,-84.0792
2026-06-06T21:00,20.1,98,6.1,9.9331,-84.0792
2026-06-06T22:00,20.1,97,5.1,9.9331,-84.0792
2026-06-06T23:00,20.0,96,3.3,9.9331,-84.0792
2026-06-07T00:00,19.4,98,2.8,9.9331,-84.0792
2026-06-07T01:00,18.9,99,1.6,9.9331,-84.0792
2026-06-07T02:00,18.6,99,1.2,9.9331,-84.0792
2026-06-07T03:00,18.9,97,1.5,9.9331,-84.0792
2026-06-07T04:00,18.6,98,1.0,9.9331,-84.0792
2026-06-07T05:00,18.5,99,1.2,9.9331,-84.0792
2026-06-07T06:00,18.6,98,2.1,9.9331,-84.0792
2026-06-07T07:00,18.5,99,1.3,9.9331,-84.0792
2026-06-07T08:00,18.6,99,1.5,9.9331,-84.0792
2026-06-07T09:00,18.6,99,1.4,9.9331,-84.0792
2026-06-07T10:00,18.6,98,1.5,9.9331,-84.0792
2026-06-07T11:00,18.4,99,3.1,9.9331,-84.0792
2026-06-07T12:00,19.1,97,2.1,9.9331,-84.0792
2026-06-07T13:00,19.6,97,0.6,9.9331,-84.0792
2026-06-07T14:00,20.2,88,3.7,9.9331,-84.0792
2026-06-07T15:00,20.3,95,1.7,9.9331,-84.0792
2026-06-07T16:00,20.4,93,2.6,9.9331,-84.0792
2026-06-07T17:00,20.2,97,4.5,9.9331,-84.0792
2026-06-07T18:00,19.5,94,6.1,9.9331,-84.0792
2026-06-07T19:00,19.8,98,6.9,9.9331,-84.0792
2026-06-07T20:00,19.1,97,8.0,9.9331,-84.0792
2026-06-07T21:00,19.1,97,8.4,9.9331,-84.0792
2026-06-07T22:00,18.8,98,7.5,9.9331,-84.0792
2026-06-07T23:00,18.5,99,4.4,9.9331,-84.0792
2026-06-08T00:00,18.8,98,7.1,9.9331,-84.0792
2026-06-08T01:00,18.4,98,4.9,9.9331,-84.0792
2026-06-08T02:00,18.2,98,5.0,9.9331,-84.0792
2026-06-08T03:00,18.2,99,4.8,9.9331,-84.0792
2026-06-08T04:00,18.3,99,4.3,9.9331,-84.0792
2026-06-08T05:00,18.2,98,4.2,9.9331,-84.0792
2026-06-08T06:00,17.9,99,9.0,9.9331,-84.0792
2026-06-08T07:00,17.5,98,8.9,9.9331,-84.0792
2026-06-08T08:00,17.5,98,7.2,9.9331,-84.0792
2026-06-08T09:00,17.4,98,6.2,9.9331,-84.0792
2026-06-08T10:00,17.4,98,5.2,9.9331,-84.0792
2026-06-08T11:00,17.4,97,4.5,9.9331,-84.0792
2026-06-08T12:00,17.8,98,5.6,9.9331,-84.0792
2026-06-08T13:00,18.0,96,5.5,9.9331,-84.0792
2026-06-08T14:00,18.5,92,6.0,9.9331,-84.0792
2026-06-08T15:00,18.9,89,8.8,9.9331,-84.0792
2026-06-08T16:00,19.8,86,8.8,9.9331,-84.0792
2026-06-08T17:00,20.4,85,9.0,9.9331,-84.0792
2026-06-08T18:00,20.3,85,8.6,9.9331,-84.0792
2026-06-08T19:00,20.3,82,10.3,9.9331,-84.0792
2026-06-08T20:00,21.0,79,10.8,9.9331,-84.0792
2026-06-08T21:00,18.9,89,9.4,9.9331,-84.0792
2026-06-08T22:00,18.3,96,9.4,9.9331,-84.0792
2026-06-08T23:00,18.5,89,6.0,9.9331,-84.0792
2026-06-09T00:00,18.7,92,5.1,9.9331,-84.0792
2026-06-09T01:00,18.2,92,5.3,9.9331,-84.0792
2026-06-09T02:00,18.0,90,3.5,9.9331,-84.0792
2026-06-09T03:00,17.8,88,3.2,9.9331,-84.0792
2026-06-09T04:00,17.5,89,4.1,9.9331,-84.0792
2026-06-09T05:00,17.4,91,6.2,9.9331,-84.0792
2026-06-09T06:00,17.9,91,2.5,9.9331,-84.0792
2026-06-09T07:00,17.4,93,1.5,9.9331,-84.0792
2026-06-09T08:00,17.3,91,2.3,9.9331,-84.0792
2026-06-09T09:00,17.1,88,6.9,9.9331,-84.0792
2026-06-09T10:00,17.0,89,8.0,9.9331,-84.0792
2026-06-09T11:00,17.0,91,8.1,9.9331,-84.0792
2026-06-09T12:00,17.6,94,4.7,9.9331,-84.0792
2026-06-09T13:00,18.0,95,4.5,9.9331,-84.0792
2026-06-09T14:00,18.3,90,3.6,9.9331,-84.0792
2026-06-09T15:00,18.8,87,2.3,9.9331,-84.0792
2026-06-09T16:00,20.0,81,2.0,9.9331,-84.0792
2026-06-09T17:00,19.5,82,2.9,9.9331,-84.0792
2026-06-09T18:00,20.2,79,2.3,9.9331,-84.0792
2026-06-09T19:00,20.9,75,3.1,9.9331,-84.0792
2026-06-09T20:00,20.9,75,4.1,9.9331,-84.0792
2026-06-09T21:00,19.9,80,4.3,9.9331,-84.0792
2026-06-09T22:00,19.3,84,0.5,9.9331,-84.0792
2026-06-09T23:00,19.3,85,1.6,9.9331,-84.0792
2026-06-10T00:00,19.4,92,3.4,9.9331,-84.0792
2026-06-10T01:00,19.1,93,2.5,9.9331,-84.0792
2026-06-10T02:00,18.8,96,3.5,9.9331,-84.0792
2026-06-10T03:00,18.4,98,2.7,9.9331,-84.0792
2026-06-10T04:00,18.4,98,2.3,9.9331,-84.0792
2026-06-10T05:00,18.6,97,1.8,9.9331,-84.0792
2026-06-10T06:00,17.7,98,2.4,9.9331,-84.0792
2026-06-10T07:00,17.6,98,1.5,9.9331,-84.0792
2026-06-10T08:00,17.9,96,2.0,9.9331,-84.0792
2026-06-10T09:00,18.1,95,0.5,9.9331,-84.0792
2026-06-10T10:00,18.1,95,1.7,9.9331,-84.0792
2026-06-10T11:00,18.3,94,0.4,9.9331,-84.0792
2026-06-10T12:00,18.4,97,1.8,9.9331,-84.0792
2026-06-10T13:00,19.2,93,1.8,9.9331,-84.0792
2026-06-10T14:00,20.0,85,1.7,9.9331,-84.0792
2026-06-10T15:00,20.3,81,2.6,9.9331,-84.0792
2026-06-10T16:00,22.1,73,6.2,9.9331,-84.0792
2026-06-10T17:00,22.0,74,6.5,9.9331,-84.0792
2026-06-10T18:00,22.3,74,7.6,9.9331,-84.0792
2026-06-10T19:00,22.6,74,8.1,9.9331,-84.0792
2026-06-10T20:00,20.6,87,8.6,9.9331,-84.0792
2026-06-10T21:00,19.7,96,6.0,9.9331,-84.0792
2026-06-10T22:00,19.9,96,4.4,9.9331,-84.0792
2026-06-10T23:00,19.7,97,3.9,9.9331,-84.0792
2026-06-11T00:00,19.6,95,3.0,9.9331,-84.0792
2026-06-11T01:00,19.3,97,1.3,9.9331,-84.0792
2026-06-11T02:00,19.1,97,3.9,9.9331,-84.0792
2026-06-11T03:00,18.8,96,5.2,9.9331,-84.0792
2026-06-11T04:00,18.5,96,5.4,9.9331,-84.0792
2026-06-11T05:00,17.9,97,8.2,9.9331,-84.0792
2026-06-11T06:00,18.2,92,7.9,9.9331,-84.0792
2026-06-11T07:00,18.1,92,8.7,9.9331,-84.0792
2026-06-11T08:00,17.9,92,8.5,9.9331,-84.0792
2026-06-11T09:00,17.2,94,9.1,9.9331,-84.0792
2026-06-11T10:00,16.6,94,9.8,9.9331,-84.0792
2026-06-11T11:00,16.5,93,10.0,9.9331,-84.0792
2026-06-11T12:00,17.1,90,8.6,9.9331,-84.0792
2026-06-11T13:00,20.6,82,6.3,9.9331,-84.0792
2026-06-11T14:00,23.3,67,1.8,9.9331,-84.0792
2026-06-11T15:00,25.1,59,2.5,9.9331,-84.0792
2026-06-11T16:00,25.8,58,6.9,9.9331,-84.0792
2026-06-11T17:00,25.8,57,10.3,9.9331,-84.0792
2026-06-11T18:00,26.7,50,10.2,9.9331,-84.0792
2026-06-11T19:00,25.9,56,12.0,9.9331,-84.0792
2026-06-11T20:00,24.7,66,10.4,9.9331,-84.0792
2026-06-11T21:00,23.7,70,7.8,9.9331,-84.0792
2026-06-11T22:00,22.8,76,4.8,9.9331,-84.0792
2026-06-11T23:00,22.3,81,3.0,9.9331,-84.0792
2026-06-12T00:00,21.8,86,3.2,9.9331,-84.0792
2026-06-12T01:00,21.5,87,0.9,9.9331,-84.0792
2026-06-12T02:00,20.8,89,6.1,9.9331,-84.0792
2026-06-12T03:00,19.9,91,8.0,9.9331,-84.0792
2026-06-12T04:00,19.6,89,9.2,9.9331,-84.0792
2026-06-12T05:00,19.7,86,8.5,9.9331,-84.0792
2026-06-12T06:00,18.7,88,9.3,9.9331,-84.0792
2026-06-12T07:00,18.6,88,10.0,9.9331,-84.0792
2026-06-12T08:00,19.2,85,9.4,9.9331,-84.0792
2026-06-12T09:00,19.2,84,9.5,9.9331,-84.0792
2026-06-12T10:00,19.2,83,9.8,9.9331,-84.0792
2026-06-12T11:00,19.2,83,10.3,9.9331,-84.0792
2026-06-12T12:00,19.8,81,7.7,9.9331,-84.0792
2026-06-12T13:00,21.4,75,6.7,9.9331,-84.0792
2026-06-12T14:00,23.6,69,6.4,9.9331,-84.0792
2026-06-12T15:00,25.2,64,4.8,9.9331,-84.0792
2026-06-12T16:00,26.6,61,4.5,9.9331,-84.0792
2026-06-12T17:00,26.9,62,3.4,9.9331,-84.0792
2026-06-12T18:00,27.1,59,1.3,9.9331,-84.0792
2026-06-12T19:00,26.2,63,4.0,9.9331,-84.0792
2026-06-12T20:00,25.8,64,4.4,9.9331,-84.0792
2026-06-12T21:00,26.2,61,5.1,9.9331,-84.0792
2026-06-12T22:00,26.1,60,4.8,9.9331,-84.0792
2026-06-12T23:00,24.8,66,3.2,9.9331,-84.0792
2026-06-13T00:00,23.4,76,2.3,9.9331,-84.0792
2026-06-13T01:00,22.6,79,2.9,9.9331,-84.0792
2026-06-13T02:00,22.1,80,4.3,9.9331,-84.0792
2026-06-13T03:00,21.5,80,5.0,9.9331,-84.0792
2026-06-13T04:00,21.0,82,6.3,9.9331,-84.0792
2026-06-13T05:00,20.0,87,7.0,9.9331,-84.0792
2026-06-13T06:00,20.0,87,8.5,9.9331,-84.0792
2026-06-13T07:00,19.9,83,8.5,9.9331,-84.0792
2026-06-13T08:00,19.6,78,8.9,9.9331,-84.0792
2026-06-13T09:00,19.3,77,10.6,9.9331,-84.0792
2026-06-13T10:00,19.3,75,10.4,9.9331,-84.0792
2026-06-13T11:00,19.1,77,11.0,9.9331,-84.0792
2026-06-13T12:00,18.9,80,11.0,9.9331,-84.0792
2026-06-13T13:00,21.2,73,10.6,9.9331,-84.0792
2026-06-13T14:00,23.4,67,10.5,9.9331,-84.0792
2026-06-13T15:00,25.3,61,8.6,9.9331,-84.0792
2026-06-13T16:00,26.5,58,7.3,9.9331,-84.0792
2026-06-13T17:00,26.9,57,9.8,9.9331,-84.0792
2026-06-13T18:00,27.1,58,7.7,9.9331,-84.0792
2026-06-13T19:00,27.0,58,9.9,9.9331,-84.0792
2026-06-13T20:00,26.6,59,9.3,9.9331,-84.0792
2026-06-13T21:00,26.2,60,4.8,9.9331,-84.0792
2026-06-13T22:00,23.5,71,4.8,9.9331,-84.0792
2026-06-13T23:00,23.4,74,3.1,9.9331,-84.0792
2026-06-14T00:00,22.5,78,0.8,9.9331,-84.0792
2026-06-14T01:00,22.0,83,2.0,9.9331,-84.0792
2026-06-14T02:00,21.9,82,6.3,9.9331,-84.0792
2026-06-14T03:00,21.4,85,2.9,9.9331,-84.0792
2026-06-14T04:00,20.5,88,5.8,9.9331,-84.0792
2026-06-14T05:00,19.5,91,7.9,9.9331,-84.0792
2026-06-14T06:00,19.2,90,6.2,9.9331,-84.0792
2026-06-14T07:00,18.9,89,8.4,9.9331,-84.0792
2026-06-14T08:00,19.0,85,8.8,9.9331,-84.0792
2026-06-14T09:00,19.0,83,9.1,9.9331,-84.0792
2026-06-14T10:00,19.1,82,8.6,9.9331,-84.0792
2026-06-14T11:00,18.6,84,9.7,9.9331,-84.0792
2026-06-14T12:00,20.7,80,8.6,9.9331,-84.0792
2026-06-14T13:00,21.4,76,8.5,9.9331,-84.0792
2026-06-14T14:00,21.7,76,7.0,9.9331,-84.0792
2026-06-14T15:00,24.8,66,9.5,9.9331,-84.0792
2026-06-14T16:00,24.2,67,13.0,9.9331,-84.0792
2026-06-14T17:00,25.0,66,4.1,9.9331,-84.0792
2026-06-14T18:00,27.1,59,2.3,9.9331,-84.0792
2026-06-14T19:00,27.3,57,5.7,9.9331,-84.0792
2026-06-14T20:00,24.8,69,10.7,9.9331,-84.0792
2026-06-14T21:00,23.1,82,7.5,9.9331,-84.0792
2026-06-14T22:00,21.3,87,3.9,9.9331,-84.0792
2026-06-14T23:00,20.9,91,2.7,9.9331,-84.0792
2026-06-15T00:00,21.0,89,2.3,9.9331,-84.0792
2026-06-15T01:00,21.3,89,1.0,9.9331,-84.0792
2026-06-15T02:00,21.1,90,1.5,9.9331,-84.0792
2026-06-15T03:00,20.8,92,0.5,9.9331,-84.0792
2026-06-15T04:00,20.3,94,1.6,9.9331,-84.0792
2026-06-15T05:00,19.8,94,5.8,9.9331,-84.0792
2026-06-15T06:00,20.1,93,5.7,9.9331,-84.0792
2026-06-15T07:00,19.7,92,8.9,9.9331,-84.0792
2026-06-15T08:00,19.4,89,9.2,9.9331,-84.0792
2026-06-15T09:00,18.9,88,8.8,9.9331,-84.0792
2026-06-15T10:00,18.3,88,9.4,9.9331,-84.0792
2026-06-15T11:00,18.1,87,8.2,9.9331,-84.0792
2026-06-15T12:00,19.4,82,8.5,9.9331,-84.0792
2026-06-15T13:00,21.7,75,6.5,9.9331,-84.0792
2026-06-15T14:00,23.0,72,8.3,9.9331,-84.0792
2026-06-15T15:00,23.9,67,9.3,9.9331,-84.0792
2026-06-15T16:00,25.7,63,5.2,9.9331,-84.0792
2026-06-15T17:00,27.0,59,7.2,9.9331,-84.0792
2026-06-15T18:00,28.0,49,4.1,9.9331,-84.0792
2026-06-15T19:00,26.7,53,3.1,9.9331,-84.0792
2026-06-15T20:00,24.2,73,9.7,9.9331,-84.0792
2026-06-15T21:00,23.0,78,6.2,9.9331,-84.0792
2026-06-15T22:00,21.3,84,2.0,9.9331,-84.0792
2026-06-15T23:00,21.4,89,4.6,9.9331,-84.0792
2026-06-16T00:00,22.1,85,2.7,9.9331,-84.0792
2026-06-16T01:00,21.3,93,4.5,9.9331,-84.0792
2026-06-16T02:00,20.7,95,2.4,9.9331,-84.0792
2026-06-16T03:00,20.7,93,0.6,9.9331,-84.0792
2026-06-16T04:00,20.4,93,3.4,9.9331,-84.0792
2026-06-16T05:00,20.2,91,5.4,9.9331,-84.0792
2026-06-16T06:00,19.9,86,6.3,9.9331,-84.0792
2026-06-16T07:00,19.9,84,5.4,9.9331,-84.0792
2026-06-16T08:00,19.9,83,5.2,9.9331,-84.0792
2026-06-16T09:00,19.7,83,6.2,9.9331,-84.0792
2026-06-16T10:00,19.6,82,6.5,9.9331,-84.0792
2026-06-16T11:00,19.2,84,4.0,9.9331,-84.0792
2026-06-16T12:00,19.4,87,6.8,9.9331,-84.0792
2026-06-16T13:00,21.5,78,3.8,9.9331,-84.0792
2026-06-16T14:00,23.0,71,4.7,9.9331,-84.0792
2026-06-16T15:00,24.5,66,5.5,9.9331,-84.0792
2026-06-16T16:00,25.7,63,4.5,9.9331,-84.0792
2026-06-16T17:00,26.0,62,5.4,9.9331,-84.0792
2026-06-16T18:00,25.7,62,3.7,9.9331,-84.0792
2026-06-16T19:00,23.0,73,6.0,9.9331,-84.0792
2026-06-16T20:00,22.2,81,9.2,9.9331,-84.0792
2026-06-16T21:00,19.6,97,6.0,9.9331,-84.0792
2026-06-16T22:00,19.5,97,3.1,9.9331,-84.0792
2026-06-16T23:00,19.6,92,4.2,9.9331,-84.0792
2026-06-17T00:00,19.5,92,0.4,9.9331,-84.0792
2026-06-17T01:00,19.7,93,2.0,9.9331,-84.0792
2026-06-17T02:00,19.5,93,3.5,9.9331,-84.0792
2026-06-17T03:00,19.5,92,4.4,9.9331,-84.0792
2026-06-17T04:00,19.5,90,4.3,9.9331,-84.0792
2026-06-17T05:00,19.1,92,4.5,9.9331,-84.0792
2026-06-17T06:00,18.7,86,8.9,9.9331,-84.0792
2026-06-17T07:00,18.3,86,10.4,9.9331,-84.0792
2026-06-17T08:00,18.5,83,10.8,9.9331,-84.0792
2026-06-17T09:00,18.9,80,8.6,9.9331,-84.0792
2026-06-17T10:00,18.9,80,8.1,9.9331,-84.0792
2026-06-17T11:00,18.8,80,9.0,9.9331,-84.0792
2026-06-17T12:00,18.4,81,10.5,9.9331,-84.0792
2026-06-17T13:00,20.6,72,11.2,9.9331,-84.0792
2026-06-17T14:00,22.5,63,11.5,9.9331,-84.0792
2026-06-17T15:00,23.2,63,10.9,9.9331,-84.0792
2026-06-17T16:00,24.6,60,9.2,9.9331,-84.0792
2026-06-17T17:00,24.7,61,7.0,9.9331,-84.0792
2026-06-17T18:00,25.3,59,5.8,9.9331,-84.0792
2026-06-17T19:00,24.5,60,9.2,9.9331,-84.0792
2026-06-17T20:00,24.5,62,7.3,9.9331,-84.0792
2026-06-17T21:00,24.0,66,3.9,9.9331,-84.0792
2026-06-17T22:00,22.9,73,7.4,9.9331,-84.0792
2026-06-17T23:00,21.9,80,7.1,9.9331,-84.0792
2026-06-18T00:00,20.1,90,5.0,9.9331,-84.0792
2026-06-18T01:00,19.6,94,3.7,9.9331,-84.0792
2026-06-18T02:00,19.4,97,3.8,9.9331,-84.0792
2026-06-18T03:00,19.2,98,1.3,9.9331,-84.0792
2026-06-18T04:00,19.3,98,0.3,9.9331,-84.0792
2026-06-18T05:00,19.5,95,0.4,9.9331,-84.0792
2026-06-18T06:00,19.3,95,1.5,9.9331,-84.0792
2026-06-18T07:00,19.2,94,3.5,9.9331,-84.0792
2026-06-18T08:00,19.1,94,4.3,9.9331,-84.0792
2026-06-18T09:00,18.7,94,6.5,9.9331,-84.0792
2026-06-18T10:00,18.6,90,8.5,9.9331,-84.0792
2026-06-18T11:00,18.6,88,9.4,9.9331,-84.0792
2026-06-18T12:00,19.3,84,10.8,9.9331,-84.0792
2026-06-18T13:00,20.1,76,11.4,9.9331,-84.0792
2026-06-18T14:00,21.0,72,9.9,9.9331,-84.0792
2026-06-18T15:00,23.1,67,7.8,9.9331,-84.0792
2026-06-18T16:00,25.6,59,1.6,9.9331,-84.0792
2026-06-18T17:00,25.1,61,8.9,9.9331,-84.0792
2026-06-18T18:00,25.3,59,9.7,9.9331,-84.0792
2026-06-18T19:00,23.6,66,4.2,9.9331,-84.0792
2026-06-18T20:00,22.3,76,1.1,9.9331,-84.0792
2026-06-18T21:00,22.2,78,1.6,9.9331,-84.0792
2026-06-18T22:00,22.2,79,1.1,9.9331,-84.0792
2026-06-18T23:00,22.1,78,1.5,9.9331,-84.0792
2026-06-19T00:00,21.5,81,3.8,9.9331,-84.0792
2026-06-19T01:00,20.7,85,2.7,9.9331,-84.0792
2026-06-19T02:00,19.8,91,1.4,9.9331,-84.0792
2026-06-19T03:00,19.2,93,1.0,9.9331,-84.0792
2026-06-19T04:00,18.7,94,1.0,9.9331,-84.0792
2026-06-19T05:00,18.7,93,2.4,9.9331,-84.0792
2026-06-19T06:00,18.6,94,3.0,9.9331,-84.0792
2026-06-19T07:00,18.2,91,5.3,9.9331,-84.0792
2026-06-19T08:00,17.7,88,8.3,9.9331,-84.0792
2026-06-19T09:00,17.3,86,9.0,9.9331,-84.0792
2026-06-19T10:00,17.2,84,9.5,9.9331,-84.0792
2026-06-19T11:00,17.9,82,9.1,9.9331,-84.0792
2026-06-19T12:00,19.0,79,9.9,9.9331,-84.0792
2026-06-19T13:00,20.7,73,8.4,9.9331,-84.0792
2026-06-19T14:00,22.6,68,5.7,9.9331,-84.0792
2026-06-19T15:00,24.7,62,5.9,9.9331,-84.0792
2026-06-19T16:00,26.1,57,4.0,9.9331,-84.0792
2026-06-19T17:00,25.9,57,7.2,9.9331,-84.0792
2026-06-19T18:00,26.4,52,5.4,9.9331,-84.0792
2026-06-19T19:00,25.4,54,2.6,9.9331,-84.0792
2026-06-19T20:00,24.1,61,2.6,9.9331,-84.0792
2026-06-19T21:00,22.8,71,3.6,9.9331,-84.0792
2026-06-19T22:00,22.3,75,2.1,9.9331,-84.0792
2026-06-19T23:00,22.1,76,1.6,9.9331,-84.0792
2026-06-20T00:00,20.7,88,1.8,9.9331,-84.0792
2026-06-20T01:00,20.5,92,1.3,9.9331,-84.0792
2026-06-20T02:00,20.0,95,2.1,9.9331,-84.0792
2026-06-20T03:00,20.2,91,3.7,9.9331,-84.0792
2026-06-20T04:00,19.9,89,6.2,9.9331,-84.0792
2026-06-20T05:00,19.2,87,7.3,9.9331,-84.0792
2026-06-20T06:00,19.0,80,8.8,9.9331,-84.0792
2026-06-20T07:00,18.5,80,8.5,9.9331,-84.0792
2026-06-20T08:00,18.1,80,9.6,9.9331,-84.0792
2026-06-20T09:00,17.9,79,9.9,9.9331,-84.0792
2026-06-20T10:00,17.8,78,9.2,9.9331,-84.0792
2026-06-20T11:00,17.5,79,10.4,9.9331,-84.0792
2026-06-20T12:00,18.4,77,9.7,9.9331,-84.0792
2026-06-20T13:00,20.7,73,9.2,9.9331,-84.0792
2026-06-20T14:00,22.8,67,8.3,9.9331,-84.0792
2026-06-20T15:00,24.4,64,6.8,9.9331,-84.0792
2026-06-20T16:00,25.6,57,11.4,9.9331,-84.0792
2026-06-20T17:00,23.9,69,10.2,9.9331,-84.0792
2026-06-20T18:00,26.8,50,0.8,9.9331,-84.0792
2026-06-20T19:00,25.2,60,7.0,9.9331,-84.0792
2026-06-20T20:00,24.8,65,8.6,9.9331,-84.0792
2026-06-20T21:00,22.8,76,6.1,9.9331,-84.0792
2026-06-20T22:00,21.6,81,4.0,9.9331,-84.0792
2026-06-20T23:00,21.4,85,3.5,9.9331,-84.0792
2026-06-21T00:00,20.1,91,2.3,9.9331,-84.0792
2026-06-21T01:00,19.8,95,2.6,9.9331,-84.0792
2026-06-21T02:00,19.9,96,6.4,9.9331,-84.0792
2026-06-21T03:00,20.1,95,4.3,9.9331,-84.0792
2026-06-21T04:00,20.0,93,5.6,9.9331,-84.0792
2026-06-21T05:00,19.2,95,6.3,9.9331,-84.0792
2026-06-21T06:00,18.6,93,9.3,9.9331,-84.0792
2026-06-21T07:00,18.4,90,9.6,9.9331,-84.0792
2026-06-21T08:00,18.3,88,8.6,9.9331,-84.0792
2026-06-21T09:00,18.5,87,7.9,9.9331,-84.0792
2026-06-21T10:00,18.6,86,8.7,9.9331,-84.0792
2026-06-21T11:00,18.8,83,9.4,9.9331,-84.0792
2026-06-21T12:00,19.2,84,10.1,9.9331,-84.0792
2026-06-21T13:00,21.6,74,8.3,9.9331,-84.0792
2026-06-21T14:00,23.6,67,5.7,9.9331,-84.0792
2026-06-21T15:00,24.9,63,1.7,9.9331,-84.0792
2026-06-21T16:00,25.8,61,5.6,9.9331,-84.0792
2026-06-21T17:00,23.6,71,10.5,9.9331,-84.0792
2026-06-21T18:00,24.5,69,6.3,9.9331,-84.0792
2026-06-21T19:00,23.2,76,5.1,9.9331,-84.0792
2026-06-21T20:00,23.2,77,5.7,9.9331,-84.0792
2026-06-21T21:00,22.7,80,5.5,9.9331,-84.0792
2026-06-21T22:00,20.5,90,1.8,9.9331,-84.0792
2026-06-21T23:00,19.5,94,3.8,9.9331,-84.0792
2026-06-22T00:00,20.3,96,4.3,9.9331,-84.0792
2026-06-22T01:00,19.9,96,1.1,9.9331,-84.0792
2026-06-22T02:00,20.0,94,2.7,9.9331,-84.0792
2026-06-22T03:00,19.8,95,1.5,9.9331,-84.0792
2026-06-22T04:00,20.0,93,2.6,9.9331,-84.0792
2026-06-22T05:00,19.9,93,7.7,9.9331,-84.0792
2026-06-22T06:00,20.0,91,6.7,9.9331,-84.0792
2026-06-22T07:00,19.4,90,8.6,9.9331,-84.0792
2026-06-22T08:00,18.9,90,7.6,9.9331,-84.0792
2026-06-22T09:00,18.8,90,5.0,9.9331,-84.0792
2026-06-22T10:00,19.0,87,6.9,9.9331,-84.0792
2026-06-22T11:00,18.9,87,6.7,9.9331,-84.0792
2026-06-22T12:00,19.2,85,8.7,9.9331,-84.0792
2026-06-22T13:00,20.8,79,8.3,9.9331,-84.0792
2026-06-22T14:00,21.4,75,11.2,9.9331,-84.0792
2026-06-22T15:00,22.1,75,10.6,9.9331,-84.0792
2026-06-22T16:00,22.2,78,7.6,9.9331,-84.0792
2026-06-22T17:00,21.7,84,7.6,9.9331,-84.0792
2026-06-22T18:00,21.6,85,6.2,9.9331,-84.0792
2026-06-22T19:00,22.2,81,8.3,9.9331,-84.0792
2026-06-22T20:00,23.0,74,9.3,9.9331,-84.0792
2026-06-22T21:00,22.9,76,9.5,9.9331,-84.0792
2026-06-22T22:00,21.7,82,6.3,9.9331,-84.0792
2026-06-22T23:00,20.8,91,5.3,9.9331,-84.0792
2026-06-23T00:00,20.6,92,5.1,9.9331,-84.0792
2026-06-23T01:00,19.8,92,7.2,9.9331,-84.0792
2026-06-23T02:00,19.4,89,8.9,9.9331,-84.0792
2026-06-23T03:00,19.3,86,10.3,9.9331,-84.0792
2026-06-23T04:00,19.0,86,10.4,9.9331,-84.0792
2026-06-23T05:00,19.2,84,9.1,9.9331,-84.0792
2026-06-23T06:00,19.5,83,8.3,9.9331,-84.0792
2026-06-23T07:00,19.1,84,9.9,9.9331,-84.0792
2026-06-23T08:00,18.7,85,10.1,9.9331,-84.0792
2026-06-23T09:00,18.8,83,11.4,9.9331,-84.0792
2026-06-23T10:00,18.4,82,12.1,9.9331,-84.0792
2026-06-23T11:00,18.2,81,13.3,9.9331,-84.0792
2026-06-23T12:00,19.3,80,13.5,9.9331,-84.0792
2026-06-23T13:00,20.7,75,14.9,9.9331,-84.0792
2026-06-23T14:00,22.7,69,16.6,9.9331,-84.0792
2026-06-23T15:00,24.3,64,15.6,9.9331,-84.0792
2026-06-23T16:00,24.8,62,15.0,9.9331,-84.0792
2026-06-23T17:00,25.4,60,11.4,9.9331,-84.0792
2026-06-23T18:00,24.7,63,11.1,9.9331,-84.0792
2026-06-23T19:00,25.3,62,10.5,9.9331,-84.0792
2026-06-23T20:00,25.1,65,8.3,9.9331,-84.0792
2026-06-23T21:00,23.0,79,6.2,9.9331,-84.0792
2026-06-23T22:00,22.6,77,4.6,9.9331,-84.0792
2026-06-23T23:00,22.7,76,6.9,9.9331,-84.0792
2026-06-24T00:00,23.0,73,2.5,9.9331,-84.0792
2026-06-24T01:00,22.0,77,1.8,9.9331,-84.0792
2026-06-24T02:00,21.1,83,2.3,9.9331,-84.0792
2026-06-24T03:00,20.3,88,4.4,9.9331,-84.0792
2026-06-24T04:00,19.7,89,5.5,9.9331,-84.0792
2026-06-24T05:00,19.1,88,9.4,9.9331,-84.0792
2026-06-24T06:00,19.2,82,11.6,9.9331,-84.0792
2026-06-24T07:00,19.1,80,12.4,9.9331,-84.0792
2026-06-24T08:00,19.0,78,13.2,9.9331,-84.0792
2026-06-24T09:00,18.4,82,13.5,9.9331,-84.0792
2026-06-24T10:00,18.7,80,14.5,9.9331,-84.0792
2026-06-24T11:00,19.0,80,15.9,9.9331,-84.0792
2026-06-24T12:00,19.5,80,12.6,9.9331,-84.0792
2026-06-24T13:00,20.7,76,13.3,9.9331,-84.0792
2026-06-24T14:00,22.2,68,17.3,9.9331,-84.0792
2026-06-24T15:00,23.5,62,18.5,9.9331,-84.0792
2026-06-24T16:00,24.4,58,16.7,9.9331,-84.0792
2026-06-24T17:00,25.3,56,13.7,9.9331,-84.0792
2026-06-24T18:00,26.2,48,17.1,9.9331,-84.0792
2026-06-24T19:00,25.3,53,15.0,9.9331,-84.0792
2026-06-24T20:00,24.8,55,15.3,9.9331,-84.0792
2026-06-24T21:00,24.7,55,13.9,9.9331,-84.0792
2026-06-24T22:00,23.6,59,13.8,9.9331,-84.0792
2026-06-24T23:00,22.3,65,11.4,9.9331,-84.0792
2026-06-25T00:00,21.0,70,11.4,9.9331,-84.0792
2026-06-25T01:00,20.1,73,13.8,9.9331,-84.0792
2026-06-25T02:00,19.9,73,17.1,9.9331,-84.0792
2026-06-25T03:00,19.8,73,15.1,9.9331,-84.0792
2026-06-25T04:00,19.7,74,13.9,9.9331,-84.0792
2026-06-25T05:00,19.4,76,12.3,9.9331,-84.0792
2026-06-25T06:00,19.0,78,11.9,9.9331,-84.0792
2026-06-25T07:00,18.8,77,13.7,9.9331,-84.0792
2026-06-25T08:00,18.7,77,13.9,9.9331,-84.0792
2026-06-25T09:00,18.5,78,13.7,9.9331,-84.0792
2026-06-25T10:00,18.2,79,13.5,9.9331,-84.0792
2026-06-25T11:00,18.4,79,13.5,9.9331,-84.0792
2026-06-25T12:00,20.0,76,13.2,9.9331,-84.0792
2026-06-25T13:00,20.7,70,11.3,9.9331,-84.0792
2026-06-25T14:00,23.0,58,12.1,9.9331,-84.0792
2026-06-25T15:00,24.4,51,11.9,9.9331,-84.0792
2026-06-25T16:00,25.8,46,10.5,9.9331,-84.0792
2026-06-25T17:00,27.0,46,9.5,9.9331,-84.0792
2026-06-25T18:00,27.4,48,7.6,9.9331,-84.0792
2026-06-25T19:00,27.0,52,8.9,9.9331,-84.0792
2026-06-25T20:00,27.4,52,4.5,9.9331,-84.0792
2026-06-25T21:00,24.9,63,6.6,9.9331,-84.0792
2026-06-25T22:00,24.1,68,4.5,9.9331,-84.0792
2026-06-25T23:00,23.5,71,4.3,9.9331,-84.0792
2026-06-26T00:00,22.8,74,3.7,9.9331,-84.0792
2026-06-26T01:00,22.1,77,7.9,9.9331,-84.0792
2026-06-26T02:00,21.6,78,11.4,9.9331,-84.0792
2026-06-26T03:00,21.0,79,11.5,9.9331,-84.0792
2026-06-26T04:00,20.8,78,10.8,9.9331,-84.0792
2026-06-26T05:00,20.5,79,11.9,9.9331,-84.0792
2026-06-26T06:00,20.1,78,10.1,9.9331,-84.0792
2026-06-26T07:00,19.6,80,8.7,9.9331,-84.0792
2026-06-26T08:00,19.0,83,8.8,9.9331,-84.0792
2026-06-26T09:00,18.8,84,8.9,9.9331,-84.0792
2026-06-26T10:00,18.9,82,9.5,9.9331,-84.0792
2026-06-26T11:00,19.9,78,9.4,9.9331,-84.0792
2026-06-26T12:00,20.8,78,7.9,9.9331,-84.0792
2026-06-26T13:00,21.9,74,8.6,9.9331,-84.0792
2026-06-26T14:00,23.7,68,8.8,9.9331,-84.0792
2026-06-26T15:00,25.6,62,13.7,9.9331,-84.0792
2026-06-26T16:00,25.8,59,14.8,9.9331,-84.0792
2026-06-26T17:00,26.5,58,12.6,9.9331,-84.0792
2026-06-26T18:00,26.9,54,10.6,9.9331,-84.0792
2026-06-26T19:00,27.1,53,7.7,9.9331,-84.0792
2026-06-26T20:00,26.3,56,6.4,9.9331,-84.0792
2026-06-26T21:00,25.6,60,8.4,9.9331,-84.0792
2026-06-26T22:00,24.5,64,7.8,9.9331,-84.0792
2026-06-26T23:00,23.3,71,11.0,9.9331,-84.0792
2026-06-27T00:00,23.6,71,6.0,9.9331,-84.0792
2026-06-27T01:00,22.8,75,7.3,9.9331,-84.0792
2026-06-27T02:00,22.1,78,9.6,9.9331,-84.0792
2026-06-27T03:00,21.1,80,10.5,9.9331,-84.0792
2026-06-27T04:00,20.8,80,11.2,9.9331,-84.0792
2026-06-27T05:00,21.0,77,11.4,9.9331,-84.0792
2026-06-27T06:00,20.8,75,11.7,9.9331,-84.0792
2026-06-27T07:00,20.4,77,11.6,9.9331,-84.0792
2026-06-27T08:00,20.6,76,10.9,9.9331,-84.0792
2026-06-27T09:00,20.8,75,11.3,9.9331,-84.0792
2026-06-27T10:00,20.7,76,11.8,9.9331,-84.0792
2026-06-27T11:00,20.5,77,11.3,9.9331,-84.0792
2026-06-27T12:00,20.6,78,11.7,9.9331,-84.0792
2026-06-27T13:00,22.0,71,11.4,9.9331,-84.0792
2026-06-27T14:00,23.2,67,11.2,9.9331,-84.0792
2026-06-27T15:00,25.8,57,11.5,9.9331,-84.0792
2026-06-27T16:00,26.6,55,11.8,9.9331,-84.0792
2026-06-27T17:00,27.2,54,12.5,9.9331,-84.0792
2026-06-27T18:00,27.6,52,13.9,9.9331,-84.0792
2026-06-27T19:00,26.2,56,11.6,9.9331,-84.0792
2026-06-27T20:00,26.4,53,12.2,9.9331,-84.0792
2026-06-27T21:00,25.6,57,10.1,9.9331,-84.0792
2026-06-27T22:00,24.9,61,10.7,9.9331,-84.0792
2026-06-27T23:00,23.4,66,9.3,9.9331,-84.0792
2026-06-28T00:00,22.6,68,10.4,9.9331,-84.0792
2026-06-28T01:00,22.0,68,13.6,9.9331,-84.0792
2026-06-28T02:00,21.6,67,17.2,9.9331,-84.0792
2026-06-28T03:00,21.0,67,16.4,9.9331,-84.0792
2026-06-28T04:00,20.9,64,17.5,9.9331,-84.0792
2026-06-28T05:00,20.3,67,18.1,9.9331,-84.0792
2026-06-28T06:00,19.6,68,17.5,9.9331,-84.0792
2026-06-28T07:00,19.4,67,17.4,9.9331,-84.0792
2026-06-28T08:00,19.5,68,17.8,9.9331,-84.0792
2026-06-28T09:00,19.2,70,19.0,9.9331,-84.0792
2026-06-28T10:00,19.2,72,17.7,9.9331,-84.0792
2026-06-28T11:00,19.7,74,17.2,9.9331,-84.0792
2026-06-28T12:00,19.9,73,16.4,9.9331,-84.0792
2026-06-28T13:00,21.3,65,15.3,9.9331,-84.0792
2026-06-28T14:00,23.5,52,17.2,9.9331,-84.0792
2026-06-28T15:00,25.5,43,17.5,9.9331,-84.0792
2026-06-28T16:00,26.4,42,17.6,9.9331,-84.0792
2026-06-28T17:00,26.9,43,14.5,9.9331,-84.0792
2026-06-28T18:00,27.3,45,11.9,9.9331,-84.0792
2026-06-28T19:00,27.6,45,13.7,9.9331,-84.0792
2026-06-28T20:00,27.1,46,13.6,9.9331,-84.0792
2026-06-28T21:00,26.3,49,13.9,9.9331,-84.0792
2026-06-28T22:00,25.1,52,14.5,9.9331,-84.0792
2026-06-28T23:00,23.8,57,12.4,9.9331,-84.0792
2026-06-29T00:00,22.1,66,11.8,9.9331,-84.0792
2026-06-29T01:00,21.6,67,13.9,9.9331,-84.0792
2026-06-29T02:00,21.0,67,14.3,9.9331,-84.0792
2026-06-29T03:00,20.6,67,13.4,9.9331,-84.0792
2026-06-29T04:00,20.1,68,12.8,9.9331,-84.0792
2026-06-29T05:00,19.3,69,12.6,9.9331,-84.0792
2026-06-29T06:00,19.6,65,13.6,9.9331,-84.0792
2026-06-29T07:00,19.4,63,14.0,9.9331,-84.0792
2026-06-29T08:00,18.9,63,11.6,9.9331,-84.0792
2026-06-29T09:00,18.3,66,11.0,9.9331,-84.0792
2026-06-29T10:00,17.8,70,11.9,9.9331,-84.0792
2026-06-29T11:00,17.6,73,12.5,9.9331,-84.0792
2026-06-29T12:00,18.8,74,11.6,9.9331,-84.0792
2026-06-29T13:00,21.5,67,11.9,9.9331,-84.0792
2026-06-29T14:00,24.2,61,14.1,9.9331,-84.0792
2026-06-29T15:00,26.1,54,13.1,9.9331,-84.0792
2026-06-29T16:00,27.1,51,11.3,9.9331,-84.0792
2026-06-29T17:00,28.1,50,10.7,9.9331,-84.0792
2026-06-29T18:00,28.1,50,10.5,9.9331,-84.0792
2026-06-29T19:00,27.7,52,12.5,9.9331,-84.0792
2026-06-29T20:00,26.3,57,13.1,9.9331,-84.0792
2026-06-29T21:00,25.4,62,11.9,9.9331,-84.0792
2026-06-29T22:00,25.0,64,9.9,9.9331,-84.0792
2026-06-29T23:00,24.0,69,10.8,9.9331,-84.0792
2026-06-30T00:00,22.9,73,9.4,9.9331,-84.0792
2026-06-30T01:00,21.7,78,11.0,9.9331,-84.0792
2026-06-30T02:00,21.2,78,11.2,9.9331,-84.0792
2026-06-30T03:00,20.9,76,13.5,9.9331,-84.0792
2026-06-30T04:00,20.8,74,15.0,9.9331,-84.0792
2026-06-30T05:00,20.8,74,15.3,9.9331,-84.0792
2026-06-30T06:00,20.8,75,14.1,9.9331,-84.0792
2026-06-30T07:00,20.6,76,13.9,9.9331,-84.0792
2026-06-30T08:00,20.1,78,12.8,9.9331,-84.0792
2026-06-30T09:00,20.1,77,11.2,9.9331,-84.0792
2026-06-30T10:00,20.1,78,10.2,9.9331,-84.0792
2026-06-30T11:00,20.4,78,11.0,9.9331,-84.0792
2026-06-30T12:00,20.8,79,9.8,9.9331,-84.0792
2026-06-30T13:00,21.9,74,11.0,9.9331,-84.0792
2026-06-30T14:00,23.7,67,10.6,9.9331,-84.0792
2026-06-30T15:00,25.8,58,11.1,9.9331,-84.0792
2026-06-30T16:00,27.4,50,11.8,9.9331,-84.0792
2026-06-30T17:00,28.0,49,11.2,9.9331,-84.0792
2026-06-30T18:00,28.6,49,9.0,9.9331,-84.0792
2026-06-30T19:00,27.6,52,8.7,9.9331,-84.0792
2026-06-30T20:00,26.8,56,10.4,9.9331,-84.0792
2026-06-30T21:00,26.2,58,10.1,9.9331,-84.0792
2026-06-30T22:00,25.2,61,10.1,9.9331,-84.0792
2026-06-30T23:00,24.0,66,9.2,9.9331,-84.0792
2026-07-01T00:00,23.4,66,7.3,9.9331,-84.0792
2026-07-01T01:00,22.3,70,7.8,9.9331,-84.0792
2026-07-01T02:00,22.1,72,8.3,9.9331,-84.0792
2026-07-01T03:00,21.8,73,10.1,9.9331,-84.0792
2026-07-01T04:00,21.6,75,10.7,9.9331,-84.0792
2026-07-01T05:00,21.4,77,10.9,9.9331,-84.0792
2026-07-01T06:00,21.4,75,7.5,9.9331,-84.0792
2026-07-01T07:00,21.2,76,8.3,9.9331,-84.0792
2026-07-01T08:00,21.0,77,9.2,9.9331,-84.0792
2026-07-01T09:00,21.0,77,8.8,9.9331,-84.0792
2026-07-01T10:00,21.0,77,8.6,9.9331,-84.0792
2026-07-01T11:00,21.0,78,10.3,9.9331,-84.0792
2026-07-01T12:00,21.2,77,6.2,9.9331,-84.0792
2026-07-01T13:00,21.8,75,7.1,9.9331,-84.0792
2026-07-01T14:00,23.9,65,7.7,9.9331,-84.0792
2026-07-01T15:00,25.6,57,9.6,9.9331,-84.0792
2026-07-01T16:00,26.9,52,12.8,9.9331,-84.0792
2026-07-01T17:00,27.5,50,11.1,9.9331,-84.0792
2026-07-01T18:00,28.8,43,10.6,9.9331,-84.0792
2026-07-01T19:00,28.1,46,7.5,9.9331,-84.0792
2026-07-01T20:00,26.8,52,10.0,9.9331,-84.0792
2026-07-01T21:00,25.9,57,10.4,9.9331,-84.0792
2026-07-01T22:00,24.9,60,11.0,9.9331,-84.0792
2026-07-01T23:00,23.7,65,9.0,9.9331,-84.0792
2026-07-02T00:00,22.6,72,8.1,9.9331,-84.0792
2026-07-02T01:00,21.8,76,9.0,9.9331,-84.0792
2026-07-02T02:00,21.1,79,8.3,9.9331,-84.0792
2026-07-02T03:00,20.9,79,8.9,9.9331,-84.0792
2026-07-02T04:00,20.8,78,6.4,9.9331,-84.0792
2026-07-02T05:00,20.7,79,6.6,9.9331,-84.0792
2026-07-02T06:00,21.0,78,6.0,9.9331,-84.0792
2026-07-02T07:00,20.8,79,7.6,9.9331,-84.0792
2026-07-02T08:00,20.6,80,6.9,9.9331,-84.0792
2026-07-02T09:00,20.5,80,8.4,9.9331,-84.0792
2026-07-02T10:00,20.6,78,10.4,9.9331,-84.0792
2026-07-02T11:00,20.6,79,11.4,9.9331,-84.0792
2026-07-02T12:00,21.4,77,6.6,9.9331,-84.0792
2026-07-02T13:00,22.0,74,9.2,9.9331,-84.0792
2026-07-02T14:00,23.4,68,9.9,9.9331,-84.0792
2026-07-02T15:00,25.1,63,9.5,9.9331,-84.0792
2026-07-02T16:00,26.0,60,9.7,9.9331,-84.0792
2026-07-02T17:00,25.2,65,4.3,9.9331,-84.0792
2026-07-02T18:00,22.2,88,7.0,9.9331,-84.0792
2026-07-02T19:00,21.6,92,9.4,9.9331,-84.0792
2026-07-02T20:00,21.6,91,4.6,9.9331,-84.0792
2026-07-02T21:00,22.3,86,3.2,9.9331,-84.0792
2026-07-02T22:00,22.4,83,4.9,9.9331,-84.0792
2026-07-02T23:00,21.7,85,6.2,9.9331,-84.0792
2026-07-03T00:00,22.9,73,6.8,9.9331,-84.0792
2026-07-03T01:00,21.8,80,8.7,9.9331,-84.0792
2026-07-03T02:00,21.3,81,9.9,9.9331,-84.0792
2026-07-03T03:00,20.8,83,13.3,9.9331,-84.0792
2026-07-03T04:00,20.6,81,13.5,9.9331,-84.0792
2026-07-03T05:00,20.4,81,14.6,9.9331,-84.0792
2026-07-03T06:00,20.8,81,13.9,9.9331,-84.0792
2026-07-03T07:00,20.5,83,12.9,9.9331,-84.0792
2026-07-03T08:00,20.2,84,12.1,9.9331,-84.0792
2026-07-03T09:00,19.9,86,10.3,9.9331,-84.0792
2026-07-03T10:00,20.0,86,9.2,9.9331,-84.0792
2026-07-03T11:00,19.9,86,11.7,9.9331,-84.0792
2026-07-03T12:00,20.9,82,6.8,9.9331,-84.0792
2026-07-03T13:00,21.6,77,9.8,9.9331,-84.0792
2026-07-03T14:00,22.2,76,10.7,9.9331,-84.0792
2026-07-03T15:00,23.0,73,10.1,9.9331,-84.0792
2026-07-03T16:00,25.1,64,10.9,9.9331,-84.0792
2026-07-03T17:00,24.8,66,11.3,9.9331,-84.0792
2026-07-03T18:00,25.4,62,8.8,9.9331,-84.0792
2026-07-03T19:00,24.3,69,8.6,9.9331,-84.0792
2026-07-03T20:00,24.2,68,8.3,9.9331,-84.0792
2026-07-03T21:00,24.2,67,7.3,9.9331,-84.0792
2026-07-03T22:00,23.9,69,2.7,9.9331,-84.0792
2026-07-03T23:00,21.6,80,4.5,9.9331,-84.0792
2026-07-04T00:00,22.4,70,7.8,9.9331,-84.0792
2026-07-04T01:00,21.0,76,9.4,9.9331,-84.0792
2026-07-04T02:00,19.6,85,11.0,9.9331,-84.0792
2026-07-04T03:00,19.2,92,11.0,9.9331,-84.0792
2026-07-04T04:00,19.6,90,9.9,9.9331,-84.0792
2026-07-04T05:00,19.6,89,9.6,9.9331,-84.0792
2026-07-04T06:00,19.4,90,11.0,9.9331,-84.0792
2026-07-04T07:00,19.3,88,11.9,9.9331,-84.0792
2026-07-04T08:00,19.5,84,12.3,9.9331,-84.0792
2026-07-04T09:00,19.4,85,13.3,9.9331,-84.0792
2026-07-04T10:00,18.7,92,12.2,9.9331,-84.0792
2026-07-04T11:00,18.8,92,13.2,9.9331,-84.0792
2026-07-04T12:00,18.9,93,10.1,9.9331,-84.0792
2026-07-04T13:00,19.0,93,12.1,9.9331,-84.0792
2026-07-04T14:00,20.2,91,13.3,9.9331,-84.0792
2026-07-04T15:00,22.7,75,11.2,9.9331,-84.0792
2026-07-04T16:00,23.1,72,11.0,9.9331,-84.0792
2026-07-04T17:00,23.3,71,11.0,9.9331,-84.0792
2026-07-04T18:00,23.2,72,12.5,9.9331,-84.0792
2026-07-04T19:00,21.8,82,12.9,9.9331,-84.0792
2026-07-04T20:00,21.4,86,9.9,9.9331,-84.0792
2026-07-04T21:00,21.8,83,9.6,9.9331,-84.0792
2026-07-04T22:00,21.6,83,9.6,9.9331,-84.0792
2026-07-04T23:00,21.4,82,8.5,9.9331,-84.0792
2026-07-05T00:00,20.6,85,9.0,9.9331,-84.0792
2026-07-05T01:00,19.3,84,10.0,9.9331,-84.0792
2026-07-05T02:00,18.8,85,11.1,9.9331,-84.0792
2026-07-05T03:00,18.7,84,10.6,9.9331,-84.0792
2026-07-05T04:00,18.7,81,9.7,9.9331,-84.0792
2026-07-05T05:00,18.7,79,9.0,9.9331,-84.0792
2026-07-05T06:00,18.6,83,2.3,9.9331,-84.0792
2026-07-05T07:00,18.3,86,5.8,9.9331,-84.0792
2026-07-05T08:00,18.1,84,7.6,9.9331,-84.0792
2026-07-05T09:00,18.2,78,9.7,9.9331,-84.0792
2026-07-05T10:00,18.2,75,10.5,9.9331,-84.0792
2026-07-05T11:00,18.1,75,10.5,9.9331,-84.0792
2026-07-05T12:00,18.9,79,9.6,9.9331,-84.0792
2026-07-05T13:00,19.3,75,8.4,9.9331,-84.0792
2026-07-05T14:00,19.6,76,7.4,9.9331,-84.0792
2026-07-05T15:00,21.9,69,4.3,9.9331,-84.0792
2026-07-05T16:00,24.4,61,2.8,9.9331,-84.0792
2026-07-05T17:00,24.9,60,4.0,9.9331,-84.0792
2026-07-05T18:00,27.1,51,5.4,9.9331,-84.0792
2026-07-05T19:00,27.1,52,4.9,9.9331,-84.0792
2026-07-05T20:00,24.4,64,4.3,9.9331,-84.0792
2026-07-05T21:00,24.1,68,5.1,9.9331,-84.0792
2026-07-05T22:00,24.0,68,1.0,9.9331,-84.0792
2026-07-05T23:00,22.7,76,2.2,9.9331,-84.0792
2026-07-06T00:00,22.2,82,2.0,9.9331,-84.0792
2026-07-06T01:00,21.2,86,6.7,9.9331,-84.0792
2026-07-06T02:00,21.0,83,8.7,9.9331,-84.0792
2026-07-06T03:00,20.6,82,9.6,9.9331,-84.0792
2026-07-06T04:00,20.4,82,10.1,9.9331,-84.0792
2026-07-06T05:00,20.1,83,9.6,9.9331,-84.0792
2026-07-06T06:00,20.0,79,10.3,9.9331,-84.0792
2026-07-06T07:00,19.9,77,10.9,9.9331,-84.0792
2026-07-06T08:00,19.6,80,10.3,9.9331,-84.0792
2026-07-06T09:00,19.8,81,10.5,9.9331,-84.0792
2026-07-06T10:00,19.9,79,11.0,9.9331,-84.0792
2026-07-06T11:00,19.8,79,10.8,9.9331,-84.0792
2026-07-06T12:00,19.9,82,10.9,9.9331,-84.0792
2026-07-06T13:00,20.9,78,12.3,9.9331,-84.0792
2026-07-06T14:00,22.2,72,12.3,9.9331,-84.0792
2026-07-06T15:00,24.9,61,14.7,9.9331,-84.0792
2026-07-06T16:00,26.3,56,12.4,9.9331,-84.0792
2026-07-06T17:00,27.6,54,11.0,9.9331,-84.0792
2026-07-06T18:00,25.6,59,8.2,9.9331,-84.0792
2026-07-06T19:00,25.4,62,7.9,9.9331,-84.0792
2026-07-06T20:00,25.6,63,9.8,9.9331,-84.0792
2026-07-06T21:00,24.6,68,10.9,9.9331,-84.0792
2026-07-06T22:00,23.7,72,11.3,9.9331,-84.0792
2026-07-06T23:00,22.9,76,11.8,9.9331,-84.0792
2026-07-07T00:00,22.6,75,11.3,9.9331,-84.0792
2026-07-07T01:00,22.1,75,12.6,9.9331,-84.0792
2026-07-07T02:00,22.0,75,14.1,9.9331,-84.0792
2026-07-07T03:00,21.6,77,14.6,9.9331,-84.0792
2026-07-07T04:00,21.5,78,14.6,9.9331,-84.0792
2026-07-07T05:00,21.2,78,14.1,9.9331,-84.0792
2026-07-07T06:00,20.7,75,14.3,9.9331,-84.0792
2026-07-07T07:00,20.1,75,14.8,9.9331,-84.0792
2026-07-07T08:00,19.5,75,14.6,9.9331,-84.0792
2026-07-07T09:00,19.4,75,14.6,9.9331,-84.0792
2026-07-07T10:00,19.6,76,13.7,9.9331,-84.0792
2026-07-07T11:00,19.9,77,12.4,9.9331,-84.0792
2026-07-07T12:00,20.6,75,10.2,9.9331,-84.0792
2026-07-07T13:00,21.8,73,10.1,9.9331,-84.0792
2026-07-07T14:00,23.3,69,11.8,9.9331,-84.0792
2026-07-07T15:00,24.6,65,12.4,9.9331,-84.0792
2026-07-07T16:00,26.9,55,12.7,9.9331,-84.0792
2026-07-07T17:00,27.3,55,10.4,9.9331,-84.0792
2026-07-07T18:00,27.7,53,9.0,9.9331,-84.0792
2026-07-07T19:00,28.0,53,8.4,9.9331,-84.0792
2026-07-07T20:00,28.2,53,10.6,9.9331,-84.0792
2026-07-07T21:00,26.8,58,11.1,9.9331,-84.0792
2026-07-07T22:00,25.5,63,11.8,9.9331,-84.0792
2026-07-07T23:00,24.3,67,11.9,9.9331,-84.0792
2026-07-08T00:00,22.9,74,9.8,9.9331,-84.0792
2026-07-08T01:00,22.0,74,10.6,9.9331,-84.0792
2026-07-08T02:00,22.0,69,11.7,9.9331,-84.0792
2026-07-08T03:00,21.4,70,13.2,9.9331,-84.0792
2026-07-08T04:00,20.9,69,13.3,9.9331,-84.0792
2026-07-08T05:00,20.6,69,13.0,9.9331,-84.0792
2026-07-08T06:00,20.7,70,9.7,9.9331,-84.0792
2026-07-08T07:00,20.7,72,10.8,9.9331,-84.0792
2026-07-08T08:00,20.3,74,11.5,9.9331,-84.0792
2026-07-08T09:00,20.1,77,12.0,9.9331,-84.0792
2026-07-08T10:00,20.2,78,11.4,9.9331,-84.0792
2026-07-08T11:00,20.4,78,10.8,9.9331,-84.0792
2026-07-08T12:00,21.0,77,8.4,9.9331,-84.0792
2026-07-08T13:00,22.0,74,9.2,9.9331,-84.0792
2026-07-08T14:00,23.9,67,9.7,9.9331,-84.0792
2026-07-08T15:00,26.2,58,9.1,9.9331,-84.0792
2026-07-08T16:00,27.5,53,7.9,9.9331,-84.0792
2026-07-08T17:00,28.3,52,8.1,9.9331,-84.0792
2026-07-08T18:00,28.6,52,8.8,9.9331,-84.0792
2026-07-08T19:00,29.0,53,9.0,9.9331,-84.0792
2026-07-08T20:00,28.4,53,7.0,9.9331,-84.0792
2026-07-08T21:00,26.9,58,3.7,9.9331,-84.0792
2026-07-08T22:00,26.5,60,5.7,9.9331,-84.0792
2026-07-08T23:00,25.5,64,5.2,9.9331,-84.0792
2026-07-09T00:00,24.2,69,3.1,9.9331,-84.0792
2026-07-09T01:00,23.6,72,4.7,9.9331,-84.0792
2026-07-09T02:00,23.1,75,5.8,9.9331,-84.0792
2026-07-09T03:00,22.7,76,7.4,9.9331,-84.0792
2026-07-09T04:00,22.2,77,9.3,9.9331,-84.0792
2026-07-09T05:00,21.7,78,8.1,9.9331,-84.0792
2026-07-09T06:00,21.6,77,7.2,9.9331,-84.0792
2026-07-09T07:00,21.2,79,7.2,9.9331,-84.0792
2026-07-09T08:00,20.9,81,7.7,9.9331,-84.0792
2026-07-09T09:00,20.9,80,6.7,9.9331,-84.0792
2026-07-09T10:00,21.0,79,7.4,9.9331,-84.0792
2026-07-09T11:00,21.1,78,9.0,9.9331,-84.0792
2026-07-09T12:00,21.6,77,9.4,9.9331,-84.0792
2026-07-09T13:00,22.4,76,10.1,9.9331,-84.0792
2026-07-09T14:00,23.5,73,11.7,9.9331,-84.0792
2026-07-09T15:00,24.7,69,9.9,9.9331,-84.0792
2026-07-09T16:00,25.5,64,11.1,9.9331,-84.0792
2026-07-09T17:00,26.3,61,10.9,9.9331,-84.0792
2026-07-09T18:00,26.6,60,8.2,9.9331,-84.0792
2026-07-09T19:00,26.3,61,11.7,9.9331,-84.0792
2026-07-09T20:00,26.4,62,8.7,9.9331,-84.0792
2026-07-09T21:00,26.2,63,8.8,9.9331,-84.0792
2026-07-09T22:00,25.4,65,6.7,9.9331,-84.0792
2026-07-09T23:00,24.4,69,4.9,9.9331,-84.0792
2026-07-10T00:00,23.7,70,6.5,9.9331,-84.0792
2026-07-10T01:00,22.9,73,6.6,9.9331,-84.0792
2026-07-10T02:00,22.3,75,7.4,9.9331,-84.0792
2026-07-10T03:00,21.9,77,8.7,9.9331,-84.0792
2026-07-10T04:00,21.6,78,9.3,9.9331,-84.0792
2026-07-10T05:00,21.0,81,9.6,9.9331,-84.0792
2026-07-10T06:00,20.9,80,8.5,9.9331,-84.0792
2026-07-10T07:00,20.7,80,9.4,9.9331,-84.0792
2026-07-10T08:00,20.4,81,9.2,9.9331,-84.0792
2026-07-10T09:00,20.6,79,8.3,9.9331,-84.0792
2026-07-10T10:00,20.6,80,8.4,9.9331,-84.0792
2026-07-10T11:00,20.6,80,9.2,9.9331,-84.0792
2026-07-10T12:00,21.0,80,7.6,9.9331,-84.0792
2026-07-10T13:00,22.1,74,8.1,9.9331,-84.0792
2026-07-10T14:00,24.3,65,7.0,9.9331,-84.0792
2026-07-10T15:00,26.0,60,3.5,9.9331,-84.0792
2026-07-10T16:00,26.3,60,3.1,9.9331,-84.0792
2026-07-10T17:00,24.4,68,3.8,9.9331,-84.0792
2026-07-10T18:00,25.8,62,3.2,9.9331,-84.0792
2026-07-10T19:00,22.8,76,4.4,9.9331,-84.0792
2026-07-10T20:00,22.4,81,0.2,9.9331,-84.0792
2026-07-10T21:00,23.2,79,1.0,9.9331,-84.0792
2026-07-10T22:00,23.6,76,1.9,9.9331,-84.0792
2026-07-10T23:00,23.5,75,2.2,9.9331,-84.0792
2026-07-11T00:00,22.6,75,9.7,9.9331,-84.0792
2026-07-11T01:00,21.9,78,7.9,9.9331,-84.0792
2026-07-11T02:00,21.7,78,2.0,9.9331,-84.0792
2026-07-11T03:00,21.6,80,5.8,9.9331,-84.0792
2026-07-11T04:00,21.3,82,7.0,9.9331,-84.0792
2026-07-11T05:00,21.2,82,6.7,9.9331,-84.0792
2026-07-11T06:00,20.5,89,5.4,9.9331,-84.0792
2026-07-11T07:00,20.1,90,5.9,9.9331,-84.0792
2026-07-11T08:00,19.4,93,5.6,9.9331,-84.0792
2026-07-11T09:00,19.2,93,6.5,9.9331,-84.0792
2026-07-11T10:00,19.1,90,9.7,9.9331,-84.0792
2026-07-11T11:00,19.0,88,10.1,9.9331,-84.0792
2026-07-11T12:00,19.9,83,8.5,9.9331,-84.0792
2026-07-11T13:00,21.0,78,8.2,9.9331,-84.0792
2026-07-11T14:00,22.6,73,6.8,9.9331,-84.0792
2026-07-11T15:00,24.7,65,5.2,9.9331,-84.0792
2026-07-11T16:00,25.1,64,6.0,9.9331,-84.0792
2026-07-11T17:00,26.6,59,2.6,9.9331,-84.0792
2026-07-11T18:00,26.4,58,2.4,9.9331,-84.0792
2026-07-11T19:00,23.3,71,4.7,9.9331,-84.0792
2026-07-11T20:00,22.8,78,3.6,9.9331,-84.0792
2026-07-11T21:00,22.9,77,2.8,9.9331,-84.0792
2026-07-11T22:00,22.6,77,1.5,9.9331,-84.0792
2026-07-11T23:00,21.8,82,2.2,9.9331,-84.0792
2026-07-12T00:00,21.8,77,6.2,9.9331,-84.0792
2026-07-12T01:00,21.2,80,8.0,9.9331,-84.0792
2026-07-12T02:00,21.0,81,8.2,9.9331,-84.0792
2026-07-12T03:00,20.7,81,8.5,9.9331,-84.0792
2026-07-12T04:00,20.6,81,7.6,9.9331,-84.0792
2026-07-12T05:00,20.2,81,8.3,9.9331,-84.0792
2026-07-12T06:00,19.9,81,8.5,9.9331,-84.0792
2026-07-12T07:00,19.8,80,8.0,9.9331,-84.0792
2026-07-12T08:00,19.6,80,7.9,9.9331,-84.0792
2026-07-12T09:00,19.6,80,8.6,9.9331,-84.0792
2026-07-12T10:00,19.7,80,8.1,9.9331,-84.0792
2026-07-12T11:00,19.4,82,7.7,9.9331,-84.0792
2026-07-12T12:00,19.6,85,9.7,9.9331,-84.0792
2026-07-12T13:00,20.5,78,8.0,9.9331,-84.0792
2026-07-12T14:00,21.9,73,5.8,9.9331,-84.0792
2026-07-12T15:00,23.7,66,6.1,9.9331,-84.0792
2026-07-12T16:00,24.7,61,6.6,9.9331,-84.0792
2026-07-12T17:00,25.8,58,4.5,9.9331,-84.0792
2026-07-12T18:00,25.0,60,6.2,9.9331,-84.0792
2026-07-12T19:00,24.2,64,6.0,9.9331,-84.0792
2026-07-12T20:00,24.3,64,6.4,9.9331,-84.0792
2026-07-12T21:00,24.3,64,6.7,9.9331,-84.0792
2026-07-12T22:00,23.8,67,7.2,9.9331,-84.0792
2026-07-12T23:00,23.0,71,8.2,9.9331,-84.0792
2026-07-13T00:00,22.5,72,5.7,9.9331,-84.0792
2026-07-13T01:00,21.6,74,7.8,9.9331,-84.0792
2026-07-13T02:00,20.9,79,8.7,9.9331,-84.0792
2026-07-13T03:00,20.6,80,8.9,9.9331,-84.0792
2026-07-13T04:00,20.3,81,7.4,9.9331,-84.0792
2026-07-13T05:00,19.9,82,7.7,9.9331,-84.0792
2026-07-13T06:00,19.5,82,7.1,9.9331,-84.0792
2026-07-13T07:00,19.3,80,7.6,9.9331,-84.0792
2026-07-13T08:00,19.3,79,7.0,9.9331,-84.0792
2026-07-13T09:00,19.2,79,7.0,9.9331,-84.0792
2026-07-13T10:00,19.1,80,7.3,9.9331,-84.0792
2026-07-13T11:00,19.1,80,8.9,9.9331,-84.0792
2026-07-13T12:00,19.9,81,6.5,9.9331,-84.0792
2026-07-13T13:00,21.3,74,5.3,9.9331,-84.0792
2026-07-13T14:00,23.2,67,3.6,9.9331,-84.0792
2026-07-13T15:00,24.6,63,6.3,9.9331,-84.0792
2026-07-13T16:00,24.6,63,7.3,9.9331,-84.0792
2026-07-13T17:00,25.8,59,4.2,9.9331,-84.0792
2026-07-13T18:00,27.6,48,4.7,9.9331,-84.0792
2026-07-13T19:00,23.4,71,5.9,9.9331,-84.0792
2026-07-13T20:00,24.1,66,4.9,9.9331,-84.0792
2026-07-13T21:00,23.6,66,7.7,9.9331,-84.0792
2026-07-13T22:00,23.3,67,8.9,9.9331,-84.0792
2026-07-13T23:00,22.8,70,9.0,9.9331,-84.0792
2026-07-14T00:00,21.0,75,11.2,9.9331,-84.0792
2026-07-14T01:00,20.4,73,11.7,9.9331,-84.0792
2026-07-14T02:00,20.3,73,10.7,9.9331,-84.0792
2026-07-14T03:00,19.9,75,10.3,9.9331,-84.0792
2026-07-14T04:00,19.4,78,11.2,9.9331,-84.0792
2026-07-14T05:00,18.9,83,10.6,9.9331,-84.0792
2026-07-14T06:00,18.7,80,11.3,9.9331,-84.0792
2026-07-14T07:00,18.6,81,11.2,9.9331,-84.0792
2026-07-14T08:00,18.5,81,10.6,9.9331,-84.0792
2026-07-14T09:00,18.5,82,11.3,9.9331,-84.0792
2026-07-14T10:00,19.0,78,12.1,9.9331,-84.0792
2026-07-14T11:00,19.0,77,11.2,9.9331,-84.0792
2026-07-14T12:00,19.0,80,10.1,9.9331,-84.0792
2026-07-14T13:00,20.4,72,10.8,9.9331,-84.0792
2026-07-14T14:00,23.4,58,10.8,9.9331,-84.0792
2026-07-14T15:00,25.8,53,12.2,9.9331,-84.0792
2026-07-14T16:00,26.8,51,10.7,9.9331,-84.0792
2026-07-14T17:00,27.2,50,8.6,9.9331,-84.0792
2026-07-14T18:00,26.0,55,8.3,9.9331,-84.0792
2026-07-14T19:00,25.1,60,11.1,9.9331,-84.0792
2026-07-14T20:00,24.7,61,8.5,9.9331,-84.0792
2026-07-14T21:00,24.6,63,10.1,9.9331,-84.0792
2026-07-14T22:00,24.1,67,13.3,9.9331,-84.0792
2026-07-14T23:00,23.0,70,11.7,9.9331,-84.0792
2026-07-15T00:00,22.8,67,11.6,9.9331,-84.0792
2026-07-15T01:00,21.9,71,12.0,9.9331,-84.0792
2026-07-15T02:00,21.6,73,13.1,9.9331,-84.0792
2026-07-15T03:00,21.4,75,13.0,9.9331,-84.0792
2026-07-15T04:00,21.3,74,13.4,9.9331,-84.0792
2026-07-15T05:00,20.9,75,13.1,9.9331,-84.0792
2026-07-15T06:00,20.7,74,12.7,9.9331,-84.0792
2026-07-15T07:00,20.2,76,11.6,9.9331,-84.0792
2026-07-15T08:00,20.2,76,9.7,9.9331,-84.0792
2026-07-15T09:00,20.3,78,10.2,9.9331,-84.0792
2026-07-15T10:00,20.6,76,12.4,9.9331,-84.0792
2026-07-15T11:00,19.8,79,13.7,9.9331,-84.0792
2026-07-15T12:00,20.7,75,11.3,9.9331,-84.0792
2026-07-15T13:00,21.8,70,11.2,9.9331,-84.0792
2026-07-15T14:00,24.0,63,11.5,9.9331,-84.0792
2026-07-15T15:00,25.8,57,11.2,9.9331,-84.0792
2026-07-15T16:00,26.7,54,11.3,9.9331,-84.0792
2026-07-15T17:00,27.6,51,7.5,9.9331,-84.0792
2026-07-15T18:00,28.2,50,7.8,9.9331,-84.0792
2026-07-15T19:00,27.8,52,8.4,9.9331,-84.0792
2026-07-15T20:00,27.4,52,10.7,9.9331,-84.0792
2026-07-15T21:00,26.5,56,4.7,9.9331,-84.0792
2026-07-15T22:00,26.1,57,5.5,9.9331,-84.0792
2026-07-15T23:00,25.3,61,7.6,9.9331,-84.0792
2026-07-16T00:00,23.5,68,6.3,9.9331,-84.0792
2026-07-16T01:00,22.4,72,6.9,9.9331,-84.0792
2026-07-16T02:00,22.1,73,8.1,9.9331,-84.0792
2026-07-16T03:00,21.9,73,8.8,9.9331,-84.0792
2026-07-16T04:00,21.6,75,10.1,9.9331,-84.0792
2026-07-16T05:00,21.2,76,10.7,9.9331,-84.0792
2026-07-16T06:00,21.2,73,9.6,9.9331,-84.0792
2026-07-16T07:00,20.7,75,9.9,9.9331,-84.0792
2026-07-16T08:00,20.7,75,11.5,9.9331,-84.0792
2026-07-16T09:00,20.7,73,13.0,9.9331,-84.0792
2026-07-16T10:00,20.4,76,10.6,9.9331,-84.0792
2026-07-16T11:00,20.4,77,10.3,9.9331,-84.0792
2026-07-16T12:00,21.1,76,11.6,9.9331,-84.0792
2026-07-16T13:00,22.0,73,13.6,9.9331,-84.0792
2026-07-16T14:00,23.1,69,13.4,9.9331,-84.0792
2026-07-16T15:00,25.6,59,13.8,9.9331,-84.0792
2026-07-16T16:00,27.5,51,11.9,9.9331,-84.0792
2026-07-16T17:00,28.0,49,9.9,9.9331,-84.0792
2026-07-16T18:00,28.6,48,11.4,9.9331,-84.0792
2026-07-16T19:00,27.5,52,11.6,9.9331,-84.0792
2026-07-16T20:00,26.1,58,10.9,9.9331,-84.0792
2026-07-16T21:00,25.1,61,9.3,9.9331,-84.0792
2026-07-16T22:00,24.6,64,7.3,9.9331,-84.0792
2026-07-16T23:00,23.9,67,7.9,9.9331,-84.0792
2026-07-17T00:00,23.4,72,9.7,9.9331,-84.0792
2026-07-17T01:00,22.2,77,10.7,9.9331,-84.0792
2026-07-17T02:00,21.2,85,7.7,9.9331,-84.0792
2026-07-17T03:00,20.7,87,10.1,9.9331,-84.0792
2026-07-17T04:00,20.6,85,11.0,9.9331,-84.0792
2026-07-17T05:00,21.1,78,14.0,9.9331,-84.0792
2026-07-17T06:00,20.9,77,12.3,9.9331,-84.0792
2026-07-17T07:00,20.6,78,11.5,9.9331,-84.0792
2026-07-17T08:00,20.5,79,11.0,9.9331,-84.0792
2026-07-17T09:00,20.6,79,10.3,9.9331,-84.0792
2026-07-17T10:00,20.6,79,12.2,9.9331,-84.0792
2026-07-17T11:00,20.7,78,14.9,9.9331,-84.0792
2026-07-17T12:00,21.7,77,12.3,9.9331,-84.0792
2026-07-17T13:00,22.3,74,13.0,9.9331,-84.0792
2026-07-17T14:00,23.4,69,14.5,9.9331,-84.0792
2026-07-17T15:00,25.2,62,13.1,9.9331,-84.0792
2026-07-17T16:00,26.5,56,13.1,9.9331,-84.0792
2026-07-17T17:00,26.9,54,14.1,9.9331,-84.0792
2026-07-17T18:00,28.3,49,13.5,9.9331,-84.0792
2026-07-17T19:00,27.1,55,14.6,9.9331,-84.0792
2026-07-17T20:00,26.3,58,12.8,9.9331,-84.0792
2026-07-17T21:00,25.3,62,12.4,9.9331,-84.0792
2026-07-17T22:00,24.4,67,12.0,9.9331,-84.0792
2026-07-17T23:00,23.4,71,11.0,9.9331,-84.0792
2026-07-18T00:00,23.0,73,9.0,9.9331,-84.0792
2026-07-18T01:00,21.9,78,9.9,9.9331,-84.0792
2026-07-18T02:00,21.5,79,8.4,9.9331,-84.0792
2026-07-18T03:00,21.3,80,8.0,9.9331,-84.0792
2026-07-18T04:00,21.0,81,8.5,9.9331,-84.0792
2026-07-18T05:00,21.0,80,9.4,9.9331,-84.0792
2026-07-18T06:00,21.2,79,10.6,9.9331,-84.0792
2026-07-18T07:00,20.6,80,9.8,9.9331,-84.0792
2026-07-18T08:00,20.6,79,9.0,9.9331,-84.0792
2026-07-18T09:00,20.4,79,8.7,9.9331,-84.0792
2026-07-18T10:00,20.5,78,9.6,9.9331,-84.0792
2026-07-18T11:00,20.4,79,10.3,9.9331,-84.0792
2026-07-18T12:00,21.2,76,8.8,9.9331,-84.0792
2026-07-18T13:00,21.7,74,8.8,9.9331,-84.0792
2026-07-18T14:00,23.1,69,9.0,9.9331,-84.0792
2026-07-18T15:00,24.5,63,9.4,9.9331,-84.0792
2026-07-18T16:00,25.7,57,7.9,9.9331,-84.0792
2026-07-18T17:00,26.9,53,9.1,9.9331,-84.0792
2026-07-18T18:00,27.7,49,10.9,9.9331,-84.0792
2026-07-18T19:00,26.3,55,12.7,9.9331,-84.0792
2026-07-18T20:00,25.9,56,11.0,9.9331,-84.0792
2026-07-18T21:00,25.9,54,10.6,9.9331,-84.0792
2026-07-18T22:00,24.3,60,9.2,9.9331,-84.0792
2026-07-18T23:00,22.8,66,8.9,9.9331,-84.0792
2026-07-19T00:00,22.0,74,8.2,9.9331,-84.0792
2026-07-19T01:00,20.9,78,8.5,9.9331,-84.0792
2026-07-19T02:00,20.7,77,9.7,9.9331,-84.0792
2026-07-19T03:00,20.3,77,10.4,9.9331,-84.0792
2026-07-19T04:00,20.0,78,9.6,9.9331,-84.0792
2026-07-19T05:00,19.7,80,10.2,9.9331,-84.0792
2026-07-19T06:00,20.7,77,6.8,9.9331,-84.0792
2026-07-19T07:00,20.1,79,8.1,9.9331,-84.0792
2026-07-19T08:00,19.9,80,7.2,9.9331,-84.0792
2026-07-19T09:00,19.6,80,8.5,9.9331,-84.0792
2026-07-19T10:00,19.6,78,9.4,9.9331,-84.0792
2026-07-19T11:00,19.7,77,9.1,9.9331,-84.0792
2026-07-19T12:00,20.0,77,7.6,9.9331,-84.0792
2026-07-19T13:00,20.5,76,7.1,9.9331,-84.0792
2026-07-19T14:00,22.3,68,7.8,9.9331,-84.0792
2026-07-19T15:00,23.4,64,8.4,9.9331,-84.0792
2026-07-19T16:00,24.1,63,8.2,9.9331,-84.0792
2026-07-19T17:00,25.7,55,9.4,9.9331,-84.0792
2026-07-19T18:00,25.8,54,9.5,9.9331,-84.0792
2026-07-19T19:00,25.8,53,9.6,9.9331,-84.0792
2026-07-19T20:00,25.8,52,11.0,9.9331,-84.0792
2026-07-19T21:00,24.2,60,13.5,9.9331,-84.0792
2026-07-19T22:00,23.1,65,13.0,9.9331,-84.0792
2026-07-19T23:00,22.0,71,10.6,9.9331,-84.0792
2026-07-20T00:00,21.8,72,7.6,9.9331,-84.0792
2026-07-20T01:00,20.9,76,10.1,9.9331,-84.0792
2026-07-20T02:00,20.4,77,9.5,9.9331,-84.0792
2026-07-20T03:00,20.1,79,8.5,9.9331,-84.0792
2026-07-20T04:00,19.1,94,7.4,9.9331,-84.0792
2026-07-20T05:00,19.2,94,7.5,9.9331,-84.0792
2026-07-20T06:00,19.0,93,8.1,9.9331,-84.0792
2026-07-20T07:00,18.5,92,9.4,9.9331,-84.0792
2026-07-20T08:00,18.5,92,8.1,9.9331,-84.0792
2026-07-20T09:00,18.3,96,7.5,9.9331,-84.0792
2026-07-20T10:00,18.3,94,8.6,9.9331,-84.0792
2026-07-20T11:00,18.5,92,10.4,9.9331,-84.0792
2026-07-20T12:00,18.6,93,11.9,9.9331,-84.0792
2026-07-20T13:00,18.8,93,12.5,9.9331,-84.0792
2026-07-20T14:00,18.9,93,11.6,9.9331,-84.0792
2026-07-20T15:00,19.3,92,12.1,9.9331,-84.0792
2026-07-20T16:00,20.2,89,10.8,9.9331,-84.0792
2026-07-20T17:00,20.8,89,10.3,9.9331,-84.0792
2026-07-20T18:00,22.3,83,9.1,9.9331,-84.0792
2026-07-20T19:00,21.7,83,9.9,9.9331,-84.0792
2026-07-20T20:00,21.4,86,9.7,9.9331,-84.0792
2026-07-20T21:00,21.3,88,9.7,9.9331,-84.0792
2026-07-20T22:00,20.6,92,10.8,9.9331,-84.0792
2026-07-20T23:00,20.0,94,11.2,9.9331,-84.0792
2026-07-21T00:00,20.1,94,5.7,9.9331,-84.0792
2026-07-21T01:00,19.8,94,5.9,9.9331,-84.0792
2026-07-21T02:00,19.3,95,6.7,9.9331,-84.0792
2026-07-21T03:00,19.0,93,6.9,9.9331,-84.0792
2026-07-21T04:00,18.6,93,8.8,9.9331,-84.0792
2026-07-21T05:00,18.2,92,8.9,9.9331,-84.0792
2026-07-21T06:00,18.1,92,8.3,9.9331,-84.0792
2026-07-21T07:00,17.6,91,9.0,9.9331,-84.0792
2026-07-21T08:00,17.4,89,9.2,9.9331,-84.0792
2026-07-21T09:00,17.8,87,9.0,9.9331,-84.0792
2026-07-21T10:00,17.7,86,9.4,9.9331,-84.0792
2026-07-21T11:00,17.5,86,10.1,9.9331,-84.0792
2026-07-21T12:00,18.8,85,10.5,9.9331,-84.0792
2026-07-21T13:00,20.1,79,11.0,9.9331,-84.0792
2026-07-21T14:00,21.7,72,11.0,9.9331,-84.0792
2026-07-21T15:00,22.6,69,10.3,9.9331,-84.0792
2026-07-21T16:00,23.0,67,9.2,9.9331,-84.0792
2026-07-21T17:00,24.1,63,7.7,9.9331,-84.0792
2026-07-21T18:00,25.3,58,5.2,9.9331,-84.0792
2026-07-21T19:00,25.4,60,6.4,9.9331,-84.0792
2026-07-21T20:00,23.8,70,4.7,9.9331,-84.0792
2026-07-21T21:00,20.9,88,4.6,9.9331,-84.0792
2026-07-21T22:00,21.1,92,2.9,9.9331,-84.0792
2026-07-21T23:00,21.1,91,3.6,9.9331,-84.0792
2026-07-22T00:00,20.8,91,5.1,9.9331,-84.0792
2026-07-22T01:00,20.4,94,5.2,9.9331,-84.0792
2026-07-22T02:00,20.1,93,7.6,9.9331,-84.0792
2026-07-22T03:00,19.8,93,8.1,9.9331,-84.0792
2026-07-22T04:00,19.8,93,8.5,9.9331,-84.0792
2026-07-22T05:00,19.7,91,6.8,9.9331,-84.0792
2026-07-22T06:00,19.3,90,7.6,9.9331,-84.0792
2026-07-22T07:00,19.1,90,8.6,9.9331,-84.0792
2026-07-22T08:00,18.8,92,6.9,9.9331,-84.0792
2026-07-22T09:00,18.9,92,6.8,9.9331,-84.0792
2026-07-22T10:00,19.2,89,8.2,9.9331,-84.0792
2026-07-22T11:00,19.0,88,8.9,9.9331,-84.0792
2026-07-22T12:00,19.1,90,8.5,9.9331,-84.0792
2026-07-22T13:00,20.0,85,9.4,9.9331,-84.0792
2026-07-22T14:00,20.5,84,10.0,9.9331,-84.0792
2026-07-22T15:00,20.8,87,10.4,9.9331,-84.0792
2026-07-22T16:00,21.9,80,9.6,9.9331,-84.0792
2026-07-22T17:00,23.4,72,9.0,9.9331,-84.0792
2026-07-22T18:00,23.5,72,7.1,9.9331,-84.0792
2026-07-22T19:00,23.1,72,5.3,9.9331,-84.0792
2026-07-22T20:00,22.7,76,2.3,9.9331,-84.0792
2026-07-22T21:00,22.4,79,0.7,9.9331,-84.0792
2026-07-22T22:00,21.1,88,1.3,9.9331,-84.0792
2026-07-22T23:00,20.4,93,3.5,9.9331,-84.0792
2026-07-23T00:00,20.1,96,1.3,9.9331,-84.0792
2026-07-23T01:00,20.0,95,0.4,9.9331,-84.0792
2026-07-23T02:00,20.1,95,0.8,9.9331,-84.0792
2026-07-23T03:00,19.9,95,2.4,9.9331,-84.0792
2026-07-23T04:00,20.0,94,2.9,9.9331,-84.0792
2026-07-23T05:00,19.8,94,3.6,9.9331,-84.0792
2026-07-23T06:00,19.7,95,2.1,9.9331,-84.0792
2026-07-23T07:00,19.6,94,3.4,9.9331,-84.0792
2026-07-23T08:00,19.3,93,5.4,9.9331,-84.0792
2026-07-23T09:00,19.3,93,3.1,9.9331,-84.0792
2026-07-23T10:00,19.1,93,5.2,9.9331,-84.0792
2026-07-23T11:00,18.9,93,5.4,9.9331,-84.0792
2026-07-23T12:00,19.1,95,5.4,9.9331,-84.0792
2026-07-23T13:00,19.3,94,8.3,9.9331,-84.0792
2026-07-23T14:00,19.7,93,8.5,9.9331,-84.0792
2026-07-23T15:00,20.2,93,9.6,9.9331,-84.0792
2026-07-23T16:00,20.0,92,11.0,9.9331,-84.0792
2026-07-23T17:00,20.1,92,10.2,9.9331,-84.0792
2026-07-23T18:00,20.4,92,7.0,9.9331,-84.0792
2026-07-23T19:00,20.5,89,10.7,9.9331,-84.0792
2026-07-23T20:00,20.8,88,10.1,9.9331,-84.0792
2026-07-23T21:00,19.7,92,8.5,9.9331,-84.0792
2026-07-23T22:00,19.2,91,9.1,9.9331,-84.0792
2026-07-23T23:00,18.7,94,10.3,9.9331,-84.0792
2026-07-24T00:00,17.3,94,10.8,9.9331,-84.0792
2026-07-24T01:00,17.1,93,12.6,9.9331,-84.0792
2026-07-24T02:00,17.2,89,13.5,9.9331,-84.0792
2026-07-24T03:00,17.4,85,13.9,9.9331,-84.0792
2026-07-24T04:00,17.4,78,12.2,9.9331,-84.0792
2026-07-24T05:00,17.0,75,11.4,9.9331,-84.0792
2026-07-24T06:00,16.4,77,9.6,9.9331,-84.0792
2026-07-24T07:00,16.6,74,9.4,9.9331,-84.0792
2026-07-24T08:00,16.5,74,8.7,9.9331,-84.0792
2026-07-24T09:00,16.8,71,9.1,9.9331,-84.0792
2026-07-24T10:00,17.0,71,9.7,9.9331,-84.0792
2026-07-24T11:00,17.0,73,9.2,9.9331,-84.0792
2026-07-24T12:00,17.0,87,9.2,9.9331,-84.0792
2026-07-24T13:00,19.0,83,9.1,9.9331,-84.0792
2026-07-24T14:00,20.7,78,9.6,9.9331,-84.0792
2026-07-24T15:00,22.3,73,10.1,9.9331,-84.0792
2026-07-24T16:00,23.8,65,12.8,9.9331,-84.0792
2026-07-24T17:00,24.4,63,12.0,9.9331,-84.0792
2026-07-24T18:00,24.4,62,7.5,9.9331,-84.0792
2026-07-24T19:00,25.1,63,4.1,9.9331,-84.0792
2026-07-24T20:00,25.2,55,3.0,9.9331,-84.0792
2026-07-24T21:00,21.9,78,8.2,9.9331,-84.0792
2026-07-24T22:00,20.4,91,4.2,9.9331,-84.0792
2026-07-24T23:00,19.9,89,3.2,9.9331,-84.0792
2026-07-25T00:00,19.7,96,1.4,9.9331,-84.0792
2026-07-25T01:00,19.7,96,0.9,9.9331,-84.0792
2026-07-25T02:00,19.7,95,1.7,9.9331,-84.0792
2026-07-25T03:00,19.4,95,2.7,9.9331,-84.0792
2026-07-25T04:00,19.3,95,3.8,9.9331,-84.0792
2026-07-25T05:00,18.9,95,5.5,9.9331,-84.0792
2026-07-25T06:00,18.5,91,6.6,9.9331,-84.0792
2026-07-25T07:00,18.1,92,7.6,9.9331,-84.0792
2026-07-25T08:00,18.0,92,8.9,9.9331,-84.0792
2026-07-25T09:00,18.3,90,9.4,9.9331,-84.0792
2026-07-25T10:00,18.4,88,9.4,9.9331,-84.0792
2026-07-25T11:00,17.6,91,9.8,9.9331,-84.0792
2026-07-25T12:00,18.4,89,9.9,9.9331,-84.0792
2026-07-25T13:00,19.8,82,10.3,9.9331,-84.0792
2026-07-25T14:00,22.5,71,9.0,9.9331,-84.0792
2026-07-25T15:00,24.4,66,9.7,9.9331,-84.0792
2026-07-25T16:00,26.0,59,7.6,9.9331,-84.0792
2026-07-25T17:00,27.0,58,2.2,9.9331,-84.0792
2026-07-25T18:00,27.0,54,0.9,9.9331,-84.0792
2026-07-25T19:00,25.3,65,3.7,9.9331,-84.0792
2026-07-25T20:00,25.4,65,5.2,9.9331,-84.0792
2026-07-25T21:00,25.4,64,5.2,9.9331,-84.0792
2026-07-25T22:00,24.8,66,5.2,9.9331,-84.0792
2026-07-25T23:00,23.5,73,4.2,9.9331,-84.0792
2026-07-26T00:00,22.7,78,3.9,9.9331,-84.0792
2026-07-26T01:00,22.1,79,6.8,9.9331,-84.0792
2026-07-26T02:00,21.3,81,8.5,9.9331,-84.0792
2026-07-26T03:00,20.9,81,9.5,9.9331,-84.0792
2026-07-26T04:00,20.5,82,10.4,9.9331,-84.0792
2026-07-26T05:00,20.3,81,10.1,9.9331,-84.0792
2026-07-26T06:00,19.8,80,9.5,9.9331,-84.0792
2026-07-26T07:00,19.6,81,8.5,9.9331,-84.0792
2026-07-26T08:00,19.4,82,8.4,9.9331,-84.0792
2026-07-26T09:00,19.3,82,9.1,9.9331,-84.0792
2026-07-26T10:00,19.6,80,9.7,9.9331,-84.0792
2026-07-26T11:00,19.5,80,10.5,9.9331,-84.0792
2026-07-26T12:00,19.7,79,9.9,9.9331,-84.0792
2026-07-26T13:00,20.8,74,11.0,9.9331,-84.0792
2026-07-26T14:00,22.8,69,11.8,9.9331,-84.0792
2026-07-26T15:00,24.5,63,10.7,9.9331,-84.0792
2026-07-26T16:00,25.6,60,7.6,9.9331,-84.0792
2026-07-26T17:00,25.8,62,9.3,9.9331,-84.0792
2026-07-26T18:00,25.8,59,8.2,9.9331,-84.0792
2026-07-26T19:00,26.5,56,8.8,9.9331,-84.0792
2026-07-26T20:00,26.1,56,8.9,9.9331,-84.0792
2026-07-26T21:00,24.7,62,7.4,9.9331,-84.0792
2026-07-26T22:00,24.2,62,4.6,9.9331,-84.0792
2026-07-26T23:00,23.1,68,5.2,9.9331,-84.0792
2026-07-27T00:00,22.0,72,5.2,9.9331,-84.0792
2026-07-27T01:00,20.7,79,8.0,9.9331,-84.0792
2026-07-27T02:00,20.1,82,9.3,9.9331,-84.0792
2026-07-27T03:00,19.4,84,8.8,9.9331,-84.0792
2026-07-27T04:00,19.1,84,9.4,9.9331,-84.0792
2026-07-27T05:00,18.7,83,9.2,9.9331,-84.0792
2026-07-27T06:00,17.6,82,10.1,9.9331,-84.0792
2026-07-27T07:00,17.4,75,11.6,9.9331,-84.0792
2026-07-27T08:00,17.3,69,12.4,9.9331,-84.0792
2026-07-27T09:00,17.3,63,13.9,9.9331,-84.0792
2026-07-27T10:00,17.1,63,14.8,9.9331,-84.0792
2026-07-27T11:00,16.9,67,14.8,9.9331,-84.0792
2026-07-27T12:00,17.1,76,13.7,9.9331,-84.0792
2026-07-27T13:00,20.3,70,12.4,9.9331,-84.0792
2026-07-27T14:00,22.4,65,12.5,9.9331,-84.0792
2026-07-27T15:00,24.1,63,11.2,9.9331,-84.0792
2026-07-27T16:00,24.7,61,12.7,9.9331,-84.0792
2026-07-27T17:00,24.1,65,11.4,9.9331,-84.0792
2026-07-27T18:00,25.4,58,7.1,9.9331,-84.0792
2026-07-27T19:00,25.6,60,6.4,9.9331,-84.0792
2026-07-27T20:00,24.3,65,3.6,9.9331,-84.0792
2026-07-27T21:00,21.4,82,3.0,9.9331,-84.0792
2026-07-27T22:00,20.9,88,2.5,9.9331,-84.0792
2026-07-27T23:00,21.1,88,2.0,9.9331,-84.0792
2026-07-28T00:00,22.0,82,3.2,9.9331,-84.0792
2026-07-28T01:00,20.8,86,2.4,9.9331,-84.0792
2026-07-28T02:00,20.4,87,2.2,9.9331,-84.0792
2026-07-28T03:00,20.2,87,2.3,9.9331,-84.0792
2026-07-28T04:00,20.0,87,0.9,9.9331,-84.0792
2026-07-28T05:00,20.0,84,4.0,9.9331,-84.0792
2026-07-28T06:00,18.8,87,7.1,9.9331,-84.0792
2026-07-28T07:00,18.2,88,8.9,9.9331,-84.0792
2026-07-28T08:00,17.7,88,8.9,9.9331,-84.0792
2026-07-28T09:00,17.2,89,9.0,9.9331,-84.0792
2026-07-28T10:00,17.4,87,9.8,9.9331,-84.0792
2026-07-28T11:00,18.1,81,10.1,9.9331,-84.0792
2026-07-28T12:00,17.9,88,7.8,9.9331,-84.0792
2026-07-28T13:00,20.9,78,6.9,9.9331,-84.0792
2026-07-28T14:00,23.5,68,4.4,9.9331,-84.0792
2026-07-28T15:00,24.8,63,1.8,9.9331,-84.0792
2026-07-28T16:00,24.6,65,5.2,9.9331,-84.0792
2026-07-28T17:00,24.1,69,9.2,9.9331,-84.0792
2026-07-28T18:00,23.5,76,5.2,9.9331,-84.0792
2026-07-28T19:00,24.0,73,4.0,9.9331,-84.0792
2026-07-28T20:00,23.0,80,2.8,9.9331,-84.0792
2026-07-28T21:00,22.9,81,3.3,9.9331,-84.0792
2026-07-28T22:00,22.7,81,0.0,9.9331,-84.0792
2026-07-28T23:00,22.0,84,1.3,9.9331,-84.0792
2026-07-29T00:00,20.9,92,4.2,9.9331,-84.0792
2026-07-29T01:00,20.5,93,6.8,9.9331,-84.0792
2026-07-29T02:00,20.4,91,8.0,9.9331,-84.0792
2026-07-29T03:00,20.1,89,9.4,9.9331,-84.0792
2026-07-29T04:00,20.0,87,9.2,9.9331,-84.0792
2026-07-29T05:00,19.7,88,9.0,9.9331,-84.0792
2026-07-29T06:00,19.2,86,9.2,9.9331,-84.0792
2026-07-29T07:00,18.9,87,9.8,9.9331,-84.0792
2026-07-29T08:00,18.2,89,10.6,9.9331,-84.0792
2026-07-29T09:00,18.5,86,10.8,9.9331,-84.0792
2026-07-29T10:00,18.8,84,10.7,9.9331,-84.0792
2026-07-29T11:00,18.7,83,11.0,9.9331,-84.0792
2026-07-29T12:00,19.6,80,9.8,9.9331,-84.0792
2026-07-29T13:00,20.7,75,10.1,9.9331,-84.0792
2026-07-29T14:00,22.7,69,10.8,9.9331,-84.0792
2026-07-29T15:00,24.4,63,10.4,9.9331,-84.0792
2026-07-29T16:00,25.8,57,8.9,9.9331,-84.0792
2026-07-29T17:00,26.7,55,7.9,9.9331,-84.0792
2026-07-29T18:00,26.2,57,8.9,9.9331,-84.0792
2026-07-29T19:00,25.4,64,10.6,9.9331,-84.0792
2026-07-29T20:00,25.3,65,8.9,9.9331,-84.0792
2026-07-29T21:00,24.9,66,10.0,9.9331,-84.0792
2026-07-29T22:00,24.5,67,9.1,9.9331,-84.0792
2026-07-29T23:00,23.0,72,9.4,9.9331,-84.0792
2026-07-30T00:00,21.8,75,10.5,9.9331,-84.0792
2026-07-30T01:00,20.9,77,11.4,9.9331,-84.0792
2026-07-30T02:00,20.7,74,12.1,9.9331,-84.0792
2026-07-30T03:00,20.1,76,12.1,9.9331,-84.0792
2026-07-30T04:00,19.6,79,11.5,9.9331,-84.0792
2026-07-30T05:00,19.4,80,11.2,9.9331,-84.0792
2026-07-30T06:00,19.2,77,10.5,9.9331,-84.0792
2026-07-30T07:00,19.1,75,11.5,9.9331,-84.0792
2026-07-30T08:00,18.4,77,12.4,9.9331,-84.0792
2026-07-30T09:00,18.1,78,13.5,9.9331,-84.0792
2026-07-30T10:00,18.1,77,14.6,9.9331,-84.0792
2026-07-30T11:00,18.1,77,15.0,9.9331,-84.0792
2026-07-30T12:00,19.5,78,12.8,9.9331,-84.0792
2026-07-30T13:00,20.7,76,11.7,9.9331,-84.0792
2026-07-30T14:00,23.1,67,12.8,9.9331,-84.0792
2026-07-30T15:00,24.7,59,13.7,9.9331,-84.0792
2026-07-30T16:00,25.9,55,11.2,9.9331,-84.0792
2026-07-30T17:00,26.6,53,9.3,9.9331,-84.0792
2026-07-30T18:00,26.8,54,8.6,9.9331,-84.0792
2026-07-30T19:00,26.6,56,7.2,9.9331,-84.0792
2026-07-30T20:00,26.2,58,9.2,9.9331,-84.0792
2026-07-30T21:00,25.0,62,8.7,9.9331,-84.0792
2026-07-30T22:00,24.1,67,9.3,9.9331,-84.0792
2026-07-30T23:00,23.2,71,9.9,9.9331,-84.0792
2026-07-31T00:00,21.8,76,9.2,9.9331,-84.0792
2026-07-31T01:00,21.0,78,10.6,9.9331,-84.0792
2026-07-31T02:00,21.0,76,12.1,9.9331,-84.0792
2026-07-31T03:00,20.7,74,13.1,9.9331,-84.0792
2026-07-31T04:00,20.3,75,12.8,9.9331,-84.0792
2026-07-31T05:00,19.9,75,12.8,9.9331,-84.0792
2026-07-31T06:00,19.6,75,11.6,9.9331,-84.0792
2026-07-31T07:00,19.6,73,11.3,9.9331,-84.0792
2026-07-31T08:00,19.3,73,10.8,9.9331,-84.0792
2026-07-31T09:00,19.2,74,11.0,9.9331,-84.0792
2026-07-31T10:00,19.2,74,10.6,9.9331,-84.0792
2026-07-31T11:00,19.2,75,10.1,9.9331,-84.0792
2026-07-31T12:00,19.5,78,7.9,9.9331,-84.0792
2026-07-31T13:00,21.4,73,8.5,9.9331,-84.0792
2026-07-31T14:00,23.6,69,8.5,9.9331,-84.0792
2026-07-31T15:00,25.8,63,8.9,9.9331,-84.0792
2026-07-31T16:00,26.9,60,9.8,9.9331,-84.0792
2026-07-31T17:00,26.7,58,9.6,9.9331,-84.0792
2026-07-31T18:00,25.5,61,7.4,9.9331,-84.0792
2026-07-31T19:00,23.0,76,6.4,9.9331,-84.0792
2026-07-31T20:00,24.2,73,3.3,9.9331,-84.0792
2026-07-31T21:00,24.7,73,3.2,9.9331,-84.0792
2026-07-31T22:00,24.1,72,2.4,9.9331,-84.0792
2026-07-31T23:00,24.0,71,4.3,9.9331,-84.0792
2026-08-01T00:00,22.9,78,7.6,9.9331,-84.0792
2026-08-01T01:00,22.2,80,9.2,9.9331,-84.0792
2026-08-01T02:00,21.6,82,11.1,9.9331,-84.0792
2026-08-01T03:00,21.3,82,10.3,9.9331,-84.0792
2026-08-01T04:00,21.2,81,10.3,9.9331,-84.0792
2026-08-01T05:00,21.1,81,9.4,9.9331,-84.0792
2026-08-01T06:00,21.0,83,7.7,9.9331,-84.0792
2026-08-01T07:00,20.7,85,8.0,9.9331,-84.0792
2026-08-01T08:00,20.6,85,7.4,9.9331,-84.0792
2026-08-01T09:00,20.6,84,7.7,9.9331,-84.0792
2026-08-01T10:00,20.5,83,9.4,9.9331,-84.0792
2026-08-01T11:00,20.3,83,11.5,9.9331,-84.0792
2026-08-01T12:00,20.8,83,10.9,9.9331,-84.0792
2026-08-01T13:00,21.5,80,11.4,9.9331,-84.0792
2026-08-01T14:00,23.2,72,12.1,9.9331,-84.0792
2026-08-01T15:00,23.9,70,10.3,9.9331,-84.0792
2026-08-01T16:00,24.6,67,10.7,9.9331,-84.0792
2026-08-01T17:00,24.9,66,11.5,9.9331,-84.0792
2026-08-01T18:00,24.5,69,7.0,9.9331,-84.0792
2026-08-01T19:00,25.5,66,3.6,9.9331,-84.0792
2026-08-01T20:00,23.8,72,6.0,9.9331,-84.0792
2026-08-01T21:00,23.6,72,4.7,9.9331,-84.0792
2026-08-01T22:00,22.9,77,4.6,9.9331,-84.0792
2026-08-01T23:00,22.9,74,8.5,9.9331,-84.0792
2026-08-02T00:00,21.4,86,4.0,9.9331,-84.0792
2026-08-02T01:00,20.6,90,8.7,9.9331,-84.0792
2026-08-02T02:00,20.2,87,11.7,9.9331,-84.0792
2026-08-02T03:00,19.8,87,10.3,9.9331,-84.0792
2026-08-02T04:00,19.9,85,11.7,9.9331,-84.0792
2026-08-02T05:00,20.2,83,12.1,9.9331,-84.0792
2026-08-02T06:00,20.1,84,11.7,9.9331,-84.0792
2026-08-02T07:00,20.3,83,9.6,9.9331,-84.0792
2026-08-02T08:00,20.2,84,8.1,9.9331,-84.0792
2026-08-02T09:00,20.1,84,8.0,9.9331,-84.0792
2026-08-02T10:00,19.8,84,9.0,9.9331,-84.0792
2026-08-02T11:00,19.9,83,9.4,9.9331,-84.0792
2026-08-02T12:00,20.4,86,6.3,9.9331,-84.0792
2026-08-02T13:00,21.4,78,7.6,9.9331,-84.0792
2026-08-02T14:00,22.9,73,9.7,9.9331,-84.0792
2026-08-02T15:00,24.4,67,10.1,9.9331,-84.0792
2026-08-02T16:00,24.5,67,10.8,9.9331,-84.0792
2026-08-02T17:00,26.0,63,7.2,9.9331,-84.0792
2026-08-02T18:00,25.6,64,7.9,9.9331,-84.0792
2026-08-02T19:00,25.6,63,7.5,9.9331,-84.0792
2026-08-02T20:00,26.2,61,6.1,9.9331,-84.0792
2026-08-02T21:00,22.0,83,4.4,9.9331,-84.0792
2026-08-02T22:00,21.6,85,2.1,9.9331,-84.0792
2026-08-02T23:00,20.9,93,2.0,9.9331,-84.0792
2026-08-03T00:00,23.1,69,6.4,9.9331,-84.0792
2026-08-03T01:00,22.0,76,5.8,9.9331,-84.0792
2026-08-03T02:00,21.4,80,4.0,9.9331,-84.0792
2026-08-03T03:00,21.0,82,3.3,9.9331,-84.0792
2026-08-03T04:00,20.4,86,3.2,9.9331,-84.0792
2026-08-03T05:00,19.7,90,2.8,9.9331,-84.0792
2026-08-03T06:00,20.4,86,2.4,9.9331,-84.0792
2026-08-03T07:00,19.9,86,3.4,9.9331,-84.0792
2026-08-03T08:00,19.6,85,6.6,9.9331,-84.0792
2026-08-03T09:00,19.3,83,6.8,9.9331,-84.0792
2026-08-03T10:00,19.0,81,7.6,9.9331,-84.0792
2026-08-03T11:00,19.0,79,8.7,9.9331,-84.0792
2026-08-03T12:00,19.0,79,10.4,9.9331,-84.0792
2026-08-03T13:00,21.0,71,11.2,9.9331,-84.0792
2026-08-03T14:00,21.9,71,11.3,9.9331,-84.0792
2026-08-03T15:00,22.4,72,9.8,9.9331,-84.0792
2026-08-03T16:00,24.3,66,7.8,9.9331,-84.0792
2026-08-03T17:00,26.1,61,6.9,9.9331,-84.0792
2026-08-03T18:00,24.0,69,11.0,9.9331,-84.0792
2026-08-03T19:00,25.6,61,7.0,9.9331,-84.0792
2026-08-03T20:00,24.8,62,4.2,9.9331,-84.0792
2026-08-03T21:00,25.0,62,8.0,9.9331,-84.0792
2026-08-03T22:00,24.0,67,6.2,9.9331,-84.0792
2026-08-03T23:00,23.1,70,5.5,9.9331,-84.0792
2026-08-04T00:00,22.3,69,6.8,9.9331,-84.0792
2026-08-04T01:00,20.8,77,8.7,9.9331,-84.0792
2026-08-04T02:00,19.7,83,10.2,9.9331,-84.0792
2026-08-04T03:00,19.4,83,9.6,9.9331,-84.0792
2026-08-04T04:00,19.1,82,9.1,9.9331,-84.0792
2026-08-04T05:00,18.8,81,9.7,9.9331,-84.0792
2026-08-04T06:00,18.2,81,10.4,9.9331,-84.0792
2026-08-04T07:00,18.1,81,11.3,9.9331,-84.0792
2026-08-04T08:00,18.2,80,11.3,9.9331,-84.0792
2026-08-04T09:00,18.2,79,11.2,9.9331,-84.0792
2026-08-04T10:00,18.5,77,10.6,9.9331,-84.0792
2026-08-04T11:00,18.2,80,11.0,9.9331,-84.0792
2026-08-04T12:00,19.6,78,10.6,9.9331,-84.0792
2026-08-04T13:00,20.9,75,9.9,9.9331,-84.0792
2026-08-04T14:00,22.2,73,10.3,9.9331,-84.0792
2026-08-04T15:00,23.3,69,10.9,9.9331,-84.0792
2026-08-04T16:00,23.3,71,8.3,9.9331,-84.0792
2026-08-04T17:00,23.8,72,5.8,9.9331,-84.0792
2026-08-04T18:00,24.0,71,2.7,9.9331,-84.0792
2026-08-04T19:00,24.4,70,8.1,9.9331,-84.0792
2026-08-04T20:00,25.2,64,5.0,9.9331,-84.0792
2026-08-04T21:00,23.9,68,3.6,9.9331,-84.0792
2026-08-04T22:00,22.8,72,5.0,9.9331,-84.0792
2026-08-04T23:00,22.3,74,5.6,9.9331,-84.0792
2026-08-05T00:00,22.6,72,5.8,9.9331,-84.0792
2026-08-05T01:00,21.9,75,6.5,9.9331,-84.0792
2026-08-05T02:00,21.5,74,7.4,9.9331,-84.0792
2026-08-05T03:00,20.6,78,8.1,9.9331,-84.0792
2026-08-05T04:00,20.2,80,8.8,9.9331,-84.0792
2026-08-05T05:00,20.3,78,8.1,9.9331,-84.0792
2026-08-05T06:00,20.4,75,7.6,9.9331,-84.0792
2026-08-05T07:00,20.3,75,6.1,9.9331,-84.0792
2026-08-05T08:00,20.2,77,7.1,9.9331,-84.0792
2026-08-05T09:00,19.4,81,6.9,9.9331,-84.0792
2026-08-05T10:00,18.3,86,7.2,9.9331,-84.0792
2026-08-05T11:00,18.2,85,7.2,9.9331,-84.0792
2026-08-05T12:00,19.1,81,7.6,9.9331,-84.0792
2026-08-05T13:00,21.0,72,6.1,9.9331,-84.0792
2026-08-05T14:00,23.4,64,2.9,9.9331,-84.0792
2026-08-05T15:00,25.6,57,1.3,9.9331,-84.0792
2026-08-05T16:00,26.7,54,8.2,9.9331,-84.0792
2026-08-05T17:00,27.5,51,2.5,9.9331,-84.0792
2026-08-05T18:00,24.8,61,6.0,9.9331,-84.0792
2026-08-05T19:00,24.0,66,7.1,9.9331,-84.0792
2026-08-05T20:00,23.0,73,7.0,9.9331,-84.0792
2026-08-05T21:00,22.5,77,3.8,9.9331,-84.0792
2026-08-05T22:00,21.1,87,5.4,9.9331,-84.0792
2026-08-05T23:00,20.6,91,3.1,9.9331,-84.0792
2026-08-06T00:00,21.6,84,5.6,9.9331,-84.0792
2026-08-06T01:00,21.5,81,6.0,9.9331,-84.0792
2026-08-06T02:00,21.1,81,5.1,9.9331,-84.0792
2026-08-06T03:00,20.8,82,3.3,9.9331,-84.0792
2026-08-06T04:00,20.3,87,3.1,9.9331,-84.0792
2026-08-06T05:00,20.1,92,1.5,9.9331,-84.0792
2026-08-06T06:00,19.4,92,3.0,9.9331,-84.0792
2026-08-06T07:00,19.4,93,0.8,9.9331,-84.0792
2026-08-06T08:00,19.2,95,1.7,9.9331,-84.0792
2026-08-06T09:00,19.0,96,2.8,9.9331,-84.0792
2026-08-06T10:00,18.9,95,6.3,9.9331,-84.0792
2026-08-06T11:00,18.6,94,7.0,9.9331,-84.0792
2026-08-06T12:00,18.5,91,9.1,9.9331,-84.0792
2026-08-06T13:00,18.7,88,8.6,9.9331,-84.0792
2026-08-06T14:00,19.0,89,7.8,9.9331,-84.0792
2026-08-06T15:00,20.3,87,8.1,9.9331,-84.0792
2026-08-06T16:00,21.7,76,8.0,9.9331,-84.0792
2026-08-06T17:00,24.9,66,7.2,9.9331,-84.0792
2026-08-06T18:00,25.4,62,2.9,9.9331,-84.0792
2026-08-06T19:00,21.2,82,3.4,9.9331,-84.0792
2026-08-06T20:00,22.5,77,0.6,9.9331,-84.0792
2026-08-06T21:00,22.5,79,2.2,9.9331,-84.0792
2026-08-06T22:00,22.0,82,0.8,9.9331,-84.0792
2026-08-06T23:00,21.2,84,3.1,9.9331,-84.0792
2026-08-07T00:00,20.6,82,8.5,9.9331,-84.0792
2026-08-07T01:00,19.9,85,10.6,9.9331,-84.0792
2026-08-07T02:00,19.7,83,11.2,9.9331,-84.0792
2026-08-07T03:00,19.8,80,11.2,9.9331,-84.0792
2026-08-07T04:00,19.6,80,10.3,9.9331,-84.0792
2026-08-07T05:00,19.3,80,11.8,9.9331,-84.0792
2026-08-07T06:00,18.8,82,11.1,9.9331,-84.0792
2026-08-07T07:00,19.3,77,11.9,9.9331,-84.0792
2026-08-07T08:00,19.3,76,12.1,9.9331,-84.0792
2026-08-07T09:00,19.2,77,12.6,9.9331,-84.0792
2026-08-07T10:00,19.2,76,12.9,9.9331,-84.0792
2026-08-07T11:00,19.0,77,12.8,9.9331,-84.0792
2026-08-07T12:00,18.1,89,15.9,9.9331,-84.0792
2026-08-07T13:00,19.8,83,15.5,9.9331,-84.0792
2026-08-07T14:00,21.7,77,13.5,9.9331,-84.0792
2026-08-07T15:00,23.7,70,13.0,9.9331,-84.0792
2026-08-07T16:00,25.0,64,14.5,9.9331,-84.0792
2026-08-07T17:00,25.4,63,11.6,9.9331,-84.0792
2026-08-07T18:00,25.6,63,8.7,9.9331,-84.0792
2026-08-07T19:00,25.3,62,9.0,9.9331,-84.0792
2026-08-07T20:00,25.1,65,7.3,9.9331,-84.0792
2026-08-07T21:00,24.8,65,8.6,9.9331,-84.0792
2026-08-07T22:00,24.0,68,8.9,9.9331,-84.0792
2026-08-07T23:00,22.6,74,8.8,9.9331,-84.0792
2026-08-08T00:00,21.9,76,7.4,9.9331,-84.0792
2026-08-08T01:00,21.2,79,9.2,9.9331,-84.0792
2026-08-08T02:00,20.9,79,10.0,9.9331,-84.0792
2026-08-08T03:00,20.9,77,11.3,9.9331,-84.0792
2026-08-08T04:00,20.6,79,11.4,9.9331,-84.0792
2026-08-08T05:00,20.5,78,12.5,9.9331,-84.0792
2026-08-08T06:00,20.4,74,11.9,9.9331,-84.0792
2026-08-08T07:00,20.2,77,11.4,9.9331,-84.0792
2026-08-08T08:00,19.9,78,11.6,9.9331,-84.0792
2026-08-08T09:00,19.8,79,11.8,9.9331,-84.0792
2026-08-08T10:00,20.0,80,12.9,9.9331,-84.0792
2026-08-08T11:00,19.9,82,13.3,9.9331,-84.0792
2026-08-08T12:00,20.2,81,12.5,9.9331,-84.0792
2026-08-08T13:00,20.8,78,11.9,9.9331,-84.0792
2026-08-08T14:00,22.3,70,11.2,9.9331,-84.0792
2026-08-08T15:00,23.8,66,11.4,9.9331,-84.0792
2026-08-08T16:00,25.3,59,12.4,9.9331,-84.0792
2026-08-08T17:00,26.0,58,12.4,9.9331,-84.0792
2026-08-08T18:00,27.1,53,11.2,9.9331,-84.0792
2026-08-08T19:00,26.0,59,10.0,9.9331,-84.0792
2026-08-08T20:00,25.0,63,11.1,9.9331,-84.0792
2026-08-08T21:00,25.0,63,11.7,9.9331,-84.0792
2026-08-08T22:00,24.0,67,10.7,9.9331,-84.0792
2026-08-08T23:00,22.8,71,9.6,9.9331,-84.0792
2026-08-09T00:00,22.0,76,8.3,9.9331,-84.0792
2026-08-09T01:00,21.0,80,8.8,9.9331,-84.0792
2026-08-09T02:00,20.6,80,9.0,9.9331,-84.0792
2026-08-09T03:00,20.5,80,9.0,9.9331,-84.0792
2026-08-09T04:00,20.4,80,9.7,9.9331,-84.0792
2026-08-09T05:00,20.2,81,11.4,9.9331,-84.0792
2026-08-09T06:00,20.1,80,11.8,9.9331,-84.0792
2026-08-09T07:00,20.1,79,12.0,9.9331,-84.0792
2026-08-09T08:00,20.0,79,11.8,9.9331,-84.0792
2026-08-09T09:00,20.1,79,12.3,9.9331,-84.0792
2026-08-09T10:00,20.0,80,12.6,9.9331,-84.0792
2026-08-09T11:00,20.0,78,14.4,9.9331,-84.0792
2026-08-09T12:00,19.8,77,14.1,9.9331,-84.0792
2026-08-09T13:00,20.4,74,14.7,9.9331,-84.0792
2026-08-09T14:00,21.6,67,16.2,9.9331,-84.0792
2026-08-09T15:00,23.4,56,16.8,9.9331,-84.0792
2026-08-09T16:00,24.7,48,15.6,9.9331,-84.0792
2026-08-09T17:00,25.6,46,13.6,9.9331,-84.0792
2026-08-09T18:00,26.0,49,13.5,9.9331,-84.0792
2026-08-09T19:00,26.5,48,13.3,9.9331,-84.0792
2026-08-09T20:00,25.6,53,12.4,9.9331,-84.0792
2026-08-09T21:00,24.8,58,11.3,9.9331,-84.0792
2026-08-09T22:00,23.5,65,10.6,9.9331,-84.0792
2026-08-09T23:00,22.3,71,9.6,9.9331,-84.0792
2026-08-10T00:00,21.6,73,7.6,9.9331,-84.0792
2026-08-10T01:00,20.9,75,8.3,9.9331,-84.0792
2026-08-10T02:00,20.8,76,10.9,9.9331,-84.0792
2026-08-10T03:00,20.6,75,13.8,9.9331,-84.0792
2026-08-10T04:00,20.3,77,14.4,9.9331,-84.0792
2026-08-10T05:00,20.2,78,14.2,9.9331,-84.0792
2026-08-10T06:00,20.4,77,14.7,9.9331,-84.0792
2026-08-10T07:00,20.1,78,14.0,9.9331,-84.0792
2026-08-10T08:00,19.7,80,13.9,9.9331,-84.0792
2026-08-10T09:00,19.6,80,14.4,9.9331,-84.0792
2026-08-10T10:00,20.0,80,13.6,9.9331,-84.0792
2026-08-10T11:00,20.1,80,13.3,9.9331,-84.0792
2026-08-10T12:00,20.4,80,12.3,9.9331,-84.0792
2026-08-10T13:00,21.3,76,11.9,9.9331,-84.0792
2026-08-10T14:00,23.0,71,13.6,9.9331,-84.0792
2026-08-10T15:00,25.0,64,13.0,9.9331,-84.0792
2026-08-10T16:00,25.5,63,12.5,9.9331,-84.0792
2026-08-10T17:00,26.0,60,10.1,9.9331,-84.0792
2026-08-10T18:00,26.5,59,13.5,9.9331,-84.0792
2026-08-10T19:00,26.0,60,13.0,9.9331,-84.0792
2026-08-10T20:00,26.3,59,11.9,9.9331,-84.0792
2026-08-10T21:00,26.0,59,10.6,9.9331,-84.0792
2026-08-10T22:00,24.6,64,9.7,9.9331,-84.0792
2026-08-10T23:00,23.1,71,10.3,9.9331,-84.0792
2026-08-11T00:00,22.5,72,9.9,9.9331,-84.0792
2026-08-11T01:00,21.8,76,9.4,9.9331,-84.0792
2026-08-11T02:00,21.6,76,9.6,9.9331,-84.0792
2026-08-11T03:00,21.5,77,11.2,9.9331,-84.0792
2026-08-11T04:00,21.3,78,12.1,9.9331,-84.0792
2026-08-11T05:00,21.2,78,13.9,9.9331,-84.0792
2026-08-11T06:00,20.7,79,11.8,9.9331,-84.0792
2026-08-11T07:00,20.5,80,10.8,9.9331,-84.0792
2026-08-11T08:00,20.4,80,10.3,9.9331,-84.0792
2026-08-11T09:00,20.1,81,11.0,9.9331,-84.0792
2026-08-11T10:00,20.2,81,10.6,9.9331,-84.0792
2026-08-11T11:00,20.2,79,11.2,9.9331,-84.0792
2026-08-11T12:00,20.7,80,9.2,9.9331,-84.0792
2026-08-11T13:00,21.7,75,9.2,9.9331,-84.0792
2026-08-11T14:00,23.9,63,9.4,9.9331,-84.0792
2026-08-11T15:00,25.9,56,7.4,9.9331,-84.0792
2026-08-11T16:00,27.0,53,6.7,9.9331,-84.0792
2026-08-11T17:00,27.7,51,7.6,9.9331,-84.0792
2026-08-11T18:00,28.1,50,9.0,9.9331,-84.0792
2026-08-11T19:00,27.3,54,11.0,9.9331,-84.0792
2026-08-11T20:00,26.7,58,12.5,9.9331,-84.0792
2026-08-11T21:00,26.2,59,11.2,9.9331,-84.0792
2026-08-11T22:00,25.4,63,9.9,9.9331,-84.0792
2026-08-11T23:00,24.3,67,9.5,9.9331,-84.0792
2026-08-12T00:00,22.9,74,9.5,9.9331,-84.0792
2026-08-12T01:00,21.8,79,9.9,9.9331,-84.0792
2026-08-12T02:00,21.4,79,10.4,9.9331,-84.0792
2026-08-12T03:00,21.3,77,10.6,9.9331,-84.0792
2026-08-12T04:00,20.7,77,11.0,9.9331,-84.0792
2026-08-12T05:00,20.6,76,11.0,9.9331,-84.0792
2026-08-12T06:00,20.5,73,11.2,9.9331,-84.0792
2026-08-12T07:00,19.7,74,12.1,9.9331,-84.0792
2026-08-12T08:00,19.3,75,11.0,9.9331,-84.0792
2026-08-12T09:00,19.5,75,9.9,9.9331,-84.0792
2026-08-12T10:00,19.4,76,10.1,9.9331,-84.0792
2026-08-12T11:00,19.3,77,10.9,9.9331,-84.0792
2026-08-12T12:00,19.5,78,10.3,9.9331,-84.0792
2026-08-12T13:00,22.0,69,10.7,9.9331,-84.0792
2026-08-12T14:00,24.5,62,14.4,9.9331,-84.0792
2026-08-12T15:00,25.9,55,15.9,9.9331,-84.0792
2026-08-12T16:00,27.2,51,14.1,9.9331,-84.0792
2026-08-12T17:00,27.3,50,12.7,9.9331,-84.0792
2026-08-12T18:00,27.9,47,13.3,9.9331,-84.0792
2026-08-12T19:00,26.6,53,10.5,9.9331,-84.0792
2026-08-12T20:00,26.4,56,9.5,9.9331,-84.0792
2026-08-12T21:00,25.4,60,11.0,9.9331,-84.0792
2026-08-12T22:00,24.5,63,10.5,9.9331,-84.0792
2026-08-12T23:00,23.7,67,9.2,9.9331,-84.0792
2026-08-13T00:00,22.6,72,9.3,9.9331,-84.0792
2026-08-13T01:00,21.6,76,8.6,9.9331,-84.0792
2026-08-13T02:00,21.4,76,8.5,9.9331,-84.0792
2026-08-13T03:00,21.0,76,9.4,9.9331,-84.0792
2026-08-13T04:00,21.1,75,9.1,9.9331,-84.0792
2026-08-13T05:00,21.1,74,9.9,9.9331,-84.0792
2026-08-13T06:00,20.6,74,10.8,9.9331,-84.0792
2026-08-13T07:00,20.1,76,10.5,9.9331,-84.0792
2026-08-13T08:00,19.4,79,10.3,9.9331,-84.0792
2026-08-13T09:00,19.6,78,10.8,9.9331,-84.0792
2026-08-13T10:00,20.1,76,11.0,9.9331,-84.0792
2026-08-13T11:00,20.2,75,10.4,9.9331,-84.0792
2026-08-13T12:00,20.2,77,9.7,9.9331,-84.0792
2026-08-13T13:00,21.4,72,10.1,9.9331,-84.0792
2026-08-13T14:00,23.5,66,10.5,9.9331,-84.0792
2026-08-13T15:00,25.6,57,9.6,9.9331,-84.0792
2026-08-13T16:00,26.8,52,8.4,9.9331,-84.0792
2026-08-13T17:00,27.5,50,10.4,9.9331,-84.0792
2026-08-13T18:00,28.8,46,9.7,9.9331,-84.0792
2026-08-13T19:00,26.6,56,8.3,9.9331,-84.0792
2026-08-13T20:00,26.6,55,8.8,9.9331,-84.0792
2026-08-13T21:00,25.4,59,9.2,9.9331,-84.0792
2026-08-13T22:00,25.1,63,9.7,9.9331,-84.0792
2026-08-13T23:00,23.7,69,10.0,9.9331,-84.0792
2026-08-14T00:00,22.7,73,9.8,9.9331,-84.0792
2026-08-14T01:00,21.6,77,10.3,9.9331,-84.0792
2026-08-14T02:00,21.0,79,10.1,9.9331,-84.0792
2026-08-14T03:00,20.6,78,11.2,9.9331,-84.0792
2026-08-14T04:00,20.7,78,11.4,9.9331,-84.0792
2026-08-14T05:00,20.6,77,12.2,9.9331,-84.0792
2026-08-14T06:00,20.3,79,10.7,9.9331,-84.0792
2026-08-14T07:00,19.7,81,9.9,9.9331,-84.0792
2026-08-14T08:00,19.2,83,8.9,9.9331,-84.0792
2026-08-14T09:00,19.4,80,9.0,9.9331,-84.0792
2026-08-14T10:00,19.7,78,9.3,9.9331,-84.0792
2026-08-14T11:00,19.9,78,10.0,9.9331,-84.0792
2026-08-14T12:00,20.3,79,8.8,9.9331,-84.0792
2026-08-14T13:00,21.3,76,10.4,9.9331,-84.0792
2026-08-14T14:00,23.6,68,9.2,9.9331,-84.0792
2026-08-14T15:00,25.4,60,11.1,9.9331,-84.0792
2026-08-14T16:00,26.0,58,12.0,9.9331,-84.0792
2026-08-14T17:00,25.9,58,10.9,9.9331,-84.0792
2026-08-14T18:00,26.8,55,9.8,9.9331,-84.0792
2026-08-14T19:00,26.3,57,10.2,9.9331,-84.0792
2026-08-14T20:00,26.0,58,12.0,9.9331,-84.0792
2026-08-14T21:00,25.7,59,10.8,9.9331,-84.0792
2026-08-14T22:00,24.7,62,10.4,9.9331,-84.0792
2026-08-14T23:00,23.3,68,9.7,9.9331,-84.0792
2026-08-15T00:00,22.2,72,8.5,9.9331,-84.0792
2026-08-15T01:00,21.0,77,9.1,9.9331,-84.0792
2026-08-15T02:00,20.7,76,12.0,9.9331,-84.0792
2026-08-15T03:00,20.6,74,13.0,9.9331,-84.0792
2026-08-15T04:00,20.5,75,12.7,9.9331,-84.0792
2026-08-15T05:00,20.3,76,11.9,9.9331,-84.0792
2026-08-15T06:00,20.4,77,11.7,9.9331,-84.0792
2026-08-15T07:00,20.2,79,11.6,9.9331,-84.0792
2026-08-15T08:00,19.8,82,12.1,9.9331,-84.0792
2026-08-15T09:00,20.1,80,11.9,9.9331,-84.0792
2026-08-15T10:00,20.4,78,12.1,9.9331,-84.0792
2026-08-15T11:00,20.0,80,10.8,9.9331,-84.0792
2026-08-15T12:00,19.4,91,8.8,9.9331,-84.0792
2026-08-15T13:00,20.0,92,10.5,9.9331,-84.0792
2026-08-15T14:00,21.2,84,11.2,9.9331,-84.0792
2026-08-15T15:00,24.3,67,11.8,9.9331,-84.0792
2026-08-15T16:00,25.0,64,11.9,9.9331,-84.0792
2026-08-15T17:00,25.0,64,10.3,9.9331,-84.0792
2026-08-15T18:00,24.4,72,10.6,9.9331,-84.0792
2026-08-15T19:00,23.3,79,9.2,9.9331,-84.0792
2026-08-15T20:00,21.8,91,5.1,9.9331,-84.0792
2026-08-15T21:00,21.2,93,4.8,9.9331,-84.0792
2026-08-15T22:00,21.1,93,1.8,9.9331,-84.0792
2026-08-15T23:00,20.9,93,5.0,9.9331,-84.0792
2026-08-16T00:00,20.3,95,8.8,9.9331,-84.0792
2026-08-16T01:00,20.1,95,9.1,9.9331,-84.0792
2026-08-16T02:00,20.0,94,9.4,9.9331,-84.0792
2026-08-16T03:00,19.9,95,9.2,9.9331,-84.0792
2026-08-16T04:00,19.6,93,8.0,9.9331,-84.0792
2026-08-16T05:00,19.5,92,8.7,9.9331,-84.0792
2026-08-16T06:00,20.0,90,10.2,9.9331,-84.0792
2026-08-16T07:00,19.6,87,11.6,9.9331,-84.0792
2026-08-16T08:00,19.3,85,11.6,9.9331,-84.0792
2026-08-16T09:00,19.0,85,12.4,9.9331,-84.0792
2026-08-16T10:00,19.0,84,11.7,9.9331,-84.0792
2026-08-16T11:00,18.9,83,9.6,9.9331,-84.0792
2026-08-16T12:00,19.4,84,9.9,9.9331,-84.0792
2026-08-16T13:00,20.8,78,9.8,9.9331,-84.0792
2026-08-16T14:00,21.7,76,10.5,9.9331,-84.0792
2026-08-16T15:00,23.2,72,10.7,9.9331,-84.0792
2026-08-16T16:00,23.1,73,11.4,9.9331,-84.0792
2026-08-16T17:00,21.4,90,8.5,9.9331,-84.0792
2026-08-16T18:00,23.1,71,8.8,9.9331,-84.0792
2026-08-16T19:00,21.1,83,7.9,9.9331,-84.0792
2026-08-16T20:00,21.0,85,7.9,9.9331,-84.0792
2026-08-16T21:00,20.7,90,10.0,9.9331,-84.0792
2026-08-16T22:00,20.1,93,10.7,9.9331,-84.0792
2026-08-16T23:00,19.4,95,11.3,9.9331,-84.0792
2026-08-17T00:00,19.2,95,11.0,9.9331,-84.0792
2026-08-17T01:00,19.1,94,11.3,9.9331,-84.0792
2026-08-17T02:00,19.1,92,11.9,9.9331,-84.0792
2026-08-17T03:00,19.0,92,12.7,9.9331,-84.0792
2026-08-17T04:00,19.0,90,12.0,9.9331,-84.0792
2026-08-17T05:00,19.1,90,12.6,9.9331,-84.0792
2026-08-17T06:00,19.3,89,9.5,9.9331,-84.0792
2026-08-17T07:00,19.0,90,9.0,9.9331,-84.0792
2026-08-17T08:00,19.2,89,10.3,9.9331,-84.0792
2026-08-17T09:00,19.5,87,10.1,9.9331,-84.0792
2026-08-17T10:00,19.3,86,10.1,9.9331,-84.0792
2026-08-17T11:00,19.2,85,12.1,9.9331,-84.0792
2026-08-17T12:00,19.4,83,11.1,9.9331,-84.0792
2026-08-17T13:00,20.7,79,7.9,9.9331,-84.0792
2026-08-17T14:00,22.2,76,6.9,9.9331,-84.0792
2026-08-17T15:00,23.1,73,8.3,9.9331,-84.0792
2026-08-17T16:00,24.5,68,9.7,9.9331,-84.0792
2026-08-17T17:00,26.0,64,8.2,9.9331,-84.0792
2026-08-17T18:00,26.3,62,4.9,9.9331,-84.0792
2026-08-17T19:00,22.2,84,7.7,9.9331,-84.0792
2026-08-17T20:00,22.1,88,4.0,9.9331,-84.0792
2026-08-17T21:00,21.8,90,2.9,9.9331,-84.0792
2026-08-17T22:00,21.4,90,4.9,9.9331,-84.0792
2026-08-17T23:00,20.8,93,3.8,9.9331,-84.0792
