hora,dia_semana,ubicacion,origen_lat,origen_lon,destino_lat,destino_lon,duracion_normal_seg,duracion_trafico_seg,congestion_ratio,congestion_ajustada,nivel_congestion
7,1,San Jose Centro,9.9358,-84.0558,9.9567,-84.1132,824.0,632.0,0.7669902912621359,1.0,Fluido
8,1,San Jose Centro,9.9358,-84.0558,9.9567,-84.1132,824.0,656.0,0.7961165048543689,1.0,Fluido
9,1,San Jose Centro,9.9358,-84.0558,9.9567,-84.1132,824.0,652.0,0.7912621359223301,1.0,Fluido
10,1,San Jose Centro,9.9358,-84.0558,9.9567,-84.1132,824.0,662.0,0.8033980582524272,1.0,Fluido
11,1,San Jose Centro,9.9358,-84.0558,9.9567,-84.1132,824.0,738.0,0.8956310679611651,1.0,Fluido
12,1,San Jose Centro,9.9358,-84.0558,9.9567,-84.1132,824.0,1117.0,1.3555825242718447,1.3555825242718447,Moderado
13,1,San Jose Centro,9.9358,-84.0558,9.9567,-84.1132,824.0,1379.0,1.6735436893203883,1.6735436893203883,Moderado
14,1,San Jose Centro,9.9358,-84.0558,9.9567,-84.1132,824.0,1285.0,1.5594660194174756,1.5594660194174756,Moderado
15,1,San Jose Centro,9.9358,-84.0558,9.9567,-84.1132,824.0,1182.0,1.4344660194174756,1.4344660194174756,Moderado
16,1,San Jose Centro,9.9358,-84.0558,9.9567,-84.1132,824.0,1161.0,1.4089805825242718,1.4089805825242718,Moderado
17,1,San Jose Centro,9.9358,-84.0558,9.9567,-84.1132,824.0,985.0,1.1953883495145632,1.1953883495145632,Leve
18,1,San Jose Centro,9.9358,-84.0558,9.9567,-84.1132,824.0,969.0,1.1759708737864079,1.1759708737864079,Leve
19,1,San Jose Centro,9.9358,-84.0558,9.9567,-84.1132,824.0,918.0,1.1140776699029127,1.1140776699029127,Leve
20,1,San Jose Centro,9.9358,-84.0558,9.9567,-84.1132,824.0,922.0,1.1189320388349515,1.1189320388349515,Leve
21,1,San Jose Centro,9.9358,-84.0558,9.9567,-84.1132,824.0,929.0,1.1274271844660195,1.1274271844660195,Leve
22,1,San Jose Centro,9.9358,-84.0558,9.9567,-84.1132,824.0,1045.0,1.2682038834951457,1.2682038834951457,Leve
23,1,San Jose Centro,9.9358,-84.0558,9.9567,-84.1132,824.0,1221.0,1.4817961165048543,1.4817961165048543,Moderado
0,2,San Jose Centro,9.9358,-84.0558,9.9567,-84.1132,824.0,978.0,1.1868932038834952,1.1868932038834952,Leve
1,2,San Jose Centro,9.9358,-84.0558,9.9567,-84.1132,824.0,806.0,0.9781553398058253,1.0,Fluido
2,2,San Jose Centro,9.9358,-84.0558,9.9567,-84.1132,824.0,766.0,0.9296116504854369,1.0,Fluido
3,2,San Jose Centro,9.9358,-84.0558,9.9567,-84.1132,824.0,785.0,0.9526699029126213,1.0,Fluido
4,2,San Jose Centro,9.9358,-84.0558,9.9567,-84.1132,824.0,749.0,0.9089805825242718,1.0,Fluido
5,2,San Jose Centro,9.9358,-84.0558,9.9567,-84.1132,824.0,711.0,0.8628640776699029,1.0,Fluido
6,2,San Jose Centro,9.9358,-84.0558,9.9567,-84.1132,824.0,684.0,0.8300970873786407,1.0,Fluido
7,2,San Jose Centro,9.9358,-84.0558,9.9567,-84.1132,824.0,643.0,0.7803398058252428,1.0,Fluido
8,2,San Jose Centro,9.9358,-84.0558,9.9567,-84.1132,824.0,638.0,0.7742718446601942,1.0,Fluido
9,2,San Jose Centro,9.9358,-84.0558,9.9567,-84.1132,824.0,631.0,0.7657766990291263,1.0,Fluido
10,2,San Jose Centro,9.9358,-84.0558,9.9567,-84.1132,824.0,660.0,0.8009708737864077,1.0,Fluido
11,2,San Jose Centro,9.9358,-84.0558,9.9567,-84.1132,824.0,737.0,0.8944174757281553,1.0,Fluido
12,2,San Jose Centro,9.9358,-84.0558,9.9567,-84.1132,824.0,1132.0,1.3737864077669903,1.3737864077669903,Moderado
13,2,San Jose Centro,9.9358,-84.0558,9.9567,-84.1132,824.0,1320.0,1.6019417475728155,1.6019417475728155,Moderado
14,2,San Jose Centro,9.9358,-84.0558,9.9567,-84.1132,824.0,1219.0,1.479368932038835,1.479368932038835,Moderado
15,2,San Jose Centro,9.9358,-84.0558,9.9567,-84.1132,824.0,1120.0,1.3592233009708738,1.3592233009708738,Moderado
16,2,San Jose Centro,9.9358,-84.0558,9.9567,-84.1132,824.0,1051.0,1.2754854368932038,1.2754854368932038,Leve
17,2,San Jose Centro,9.9358,-84.0558,9.9567,-84.1132,824.0,1006.0,1.220873786407767,1.220873786407767,Leve
18,2,San Jose Centro,9.9358,-84.0558,9.9567,-84.1132,824.0,1045.0,1.2682038834951457,1.2682038834951457,Leve
19,2,San Jose Centro,9.9358,-84.0558,9.9567,-84.1132,824.0,959.0,1.1638349514563107,1.1638349514563107,Leve
20,2,San Jose Centro,9.9358,-84.0558,9.9567,-84.1132,824.0,936.0,1.1359223300970873,1.1359223300970873,Leve
21,2,San Jose Centro,9.9358,-84.0558,9.9567,-84.1132,824.0,921.0,1.1177184466019416,1.1177184466019416,Leve
22,2,San Jose Centro,9.9358,-84.0558,9.9567,-84.1132,824.0,1041.0,1.2633495145631068,1.2633495145631068,Leve
23,2,San Jose Centro,9.9358,-84.0558,9.9567,-84.1132,824.0,1184.0,1.4368932038834952,1.4368932038834952,Moderado
0,3,San Jose Centro,9.9358,-84.0558,9.9567,-84.1132,824.0,1004.0,1.2184466019417475,1.2184466019417475,Leve
1,3,San Jose Centro,9.9358,-84.0558,9.9567,-84.1132,824.0,820.0,0.9951456310679612,1.0,Fluido
2,3,San Jose Centro,9.9358,-84.0558,9.9567,-84.1132,824.0,785.0,0.9526699029126213,1.0,Fluido
3,3,San Jose Centro,9.9358,-84.0558,9.9567,-84.1132,824.0,798.0,0.9684466019417476,1.0,Fluido
4,3,San Jose Centro,9.9358,-84.0558,9.9567,-84.1132,824.0,752.0,0.912621359223301,1.0,Fluido
5,3,San Jose Centro,9.9358,-84.0558,9.9567,-84.1132,824.0,708.0,0.8592233009708737,1.0,Fluido
6,3,San Jose Centro,9.9358,-84.0558,9.9567,-84.1132,824.0,674.0,0.8179611650485437,1.0,Fluido
7,3,San Jose Centro,9.9358,-84.0558,9.9567,-84.1132,824.0,634.0,0.7694174757281553,1.0,Fluido
8,3,San Jose Centro,9.9358,-84.0558,9.9567,-84.1132,824.0,649.0,0.787621359223301,1.0,Fluido
9,3,San Jose Centro,9.9358,-84.0558,9.9567,-84.1132,824.0,645.0,0.7827669902912622,1.0,Fluido
10,3,San Jose Centro,9.9358,-84.0558,9.9567,-84.1132,824.0,664.0,0.8058252427184466,1.0,Fluido
11,3,San Jose Centro,9.9358,-84.0558,9.9567,-84.1132,824.0,752.0,0.912621359223301,1.0,Fluido
12,3,San Jose Centro,9.9358,-84.0558,9.9567,-84.1132,824.0,1087.0,1.3191747572815533,1.3191747572815533,Moderado
13,3,San Jose Centro,9.9358,-84.0558,9.9567,-84.1132,824.0,1299.0,1.5764563106796117,1.5764563106796117,Moderado
14,3,San Jose Centro,9.9358,-84.0558,9.9567,-84.1132,824.0,1180.0,1.4320388349514563,1.4320388349514563,Moderado
15,3,San Jose Centro,9.9358,-84.0558,9.9567,-84.1132,824.0,1196.0,1.4514563106796117,1.4514563106796117,Moderado
16,3,San Jose Centro,9.9358,-84.0558,9.9567,-84.1132,824.0,1098.0,1.3325242718446602,1.3325242718446602,Moderado
17,3,San Jose Centro,9.9358,-84.0558,9.9567,-84.1132,824.0,1028.0,1.2475728155339805,1.2475728155339805,Leve
18,3,San Jose Centro,9.9358,-84.0558,9.9567,-84.1132,824.0,972.0,1.1796116504854368,1.1796116504854368,Leve
19,3,San Jose Centro,9.9358,-84.0558,9.9567,-84.1132,824.0,1026.0,1.2451456310679612,1.2451456310679612,Leve
20,3,San Jose Centro,9.9358,-84.0558,9.9567,-84.1132,824.0,1065.0,1.2924757281553398,1.2924757281553398,Leve
21,3,San Jose Centro,9.9358,-84.0558,9.9567,-84.1132,824.0,1030.0,1.25,1.25,Leve
22,3,San Jose Centro,9.9358,-84.0558,9.9567,-84.1132,824.0,1092.0,1.325242718446602,1.325242718446602,Moderado
23,3,San Jose Centro,9.9358,-84.0558,9.9567,-84.1132,824.0,1245.0,1.5109223300970873,1.5109223300970873,Moderado
0,4,San Jose Centro,9.9358,-84.0558,9.9567,-84.1132,824.0,1031.0,1.2512135922330097,1.2512135922330097,Leve
1,4,San Jose Centro,9.9358,-84.0558,9.9567,-84.1132,824.0,837.0,1.0157766990291262,1.0157766990291262,Leve
2,4,San Jose Centro,9.9358,-84.0558,9.9567,-84.1132,824.0,813.0,0.9866504854368932,1.0,Fluido
3,4,San Jose Centro,9.9358,-84.0558,9.9567,-84.1132,824.0,791.0,0.9599514563106796,1.0,Fluido
4,4,San Jose Centro,9.9358,-84.0558,9.9567,-84.1132,824.0,776.0,0.941747572815534,1.0,Fluido
5,4,San Jose Centro,9.9358,-84.0558,9.9567,-84.1132,824.0,717.0,0.8701456310679612,1.0,Fluido
6,4,San Jose Centro,9.9358,-84.0558,9.9567,-84.1132,824.0,691.0,0.8385922330097088,1.0,Fluido
7,4,San Jose Centro,9.9358,-84.0558,9.9567,-84.1132,824.0,666.0,0.808252427184466,1.0,Fluido
8,4,San Jose Centro,9.9358,-84.0558,9.9567,-84.1132,824.0,628.0,0.7621359223300971,1.0,Fluido
9,4,San Jose Centro,9.9358,-84.0558,9.9567,-84.1132,824.0,641.0,0.7779126213592233,1.0,Fluido
10,4,San Jose Centro,9.9358,-84.0558,9.9567,-84.1132,824.0,674.0,0.8179611650485437,1.0,Fluido
11,4,San Jose Centro,9.9358,-84.0558,9.9567,-84.1132,824.0,741.0,0.8992718446601942,1.0,Fluido
12,4,San Jose Centro,9.9358,-84.0558,9.9567,-84.1132,824.0,887.0,1.0764563106796117,1.0764563106796117,Leve
13,4,San Jose Centro,9.9358,-84.0558,9.9567,-84.1132,824.0,977.0,1.1856796116504855,1.1856796116504855,Leve
14,4,San Jose Centro,9.9358,-84.0558,9.9567,-84.1132,824.0,970.0,1.1771844660194175,1.1771844660194175,Leve
15,4,San Jose Centro,9.9358,-84.0558,9.9567,-84.1132,824.0,1005.0,1.2196601941747574,1.2196601941747574,Leve
16,4,San Jose Centro,9.9358,-84.0558,9.9567,-84.1132,824.0,970.0,1.1771844660194175,1.1771844660194175,Leve
17,4,San Jose Centro,9.9358,-84.0558,9.9567,-84.1132,824.0,1001.0,1.2148058252427185,1.2148058252427185,Leve
18,4,San Jose Centro,9.9358,-84.0558,9.9567,-84.1132,824.0,1021.0,1.2390776699029127,1.2390776699029127,Leve
19,4,San Jose Centro,9.9358,-84.0558,9.9567,-84.1132,824.0,1054.0,1.279126213592233,1.279126213592233,Leve
20,4,San Jose Centro,9.9358,-84.0558,9.9567,-84.1132,824.0,1069.0,1.2973300970873787,1.2973300970873787,Leve
21,4,San Jose Centro,9.9358,-84.0558,9.9567,-84.1132,824.0,1060.0,1.2864077669902914,1.2864077669902914,Leve
22,4,San Jose Centro,9.9358,-84.0558,9.9567,-84.1132,824.0,1089.0,1.3216019417475728,1.3216019417475728,Moderado
23,4,San Jose Centro,9.9358,-84.0558,9.9567,-84.1132,824.0,1172.0,1.4223300970873787,1.4223300970873787,Moderado
0,5,San Jose Centro,9.9358,-84.0558,9.9567,-84.1132,824.0,967.0,1.1735436893203883,1.1735436893203883,Leve
1,5,San Jose Centro,9.9358,-84.0558,9.9567,-84.1132,824.0,817.0,0.991504854368932,1.0,Fluido
2,5,San Jose Centro,9.9358,-84.0558,9.9567,-84.1132,824.0,803.0,0.9745145631067961,1.0,Fluido
3,5,San Jose Centro,9.9358,-84.0558,9.9567,-84.1132,824.0,797.0,0.9672330097087378,1.0,Fluido
4,5,San Jose Centro,9.9358,-84.0558,9.9567,-84.1132,824.0,765.0,0.9283980582524272,1.0,Fluido
5,5,San Jose Centro,9.9358,-84.0558,9.9567,-84.1132,824.0,737.0,0.8944174757281553,1.0,Fluido
6,5,San Jose Centro,9.9358,-84.0558,9.9567,-84.1132,824.0,713.0,0.8652912621359223,1.0,Fluido
7,5,San Jose Centro,9.9358,-84.0558,9.9567,-84.1132,824.0,685.0,0.8313106796116505,1.0,Fluido
8,5,San Jose Centro,9.9358,-84.0558,9.9567,-84.1132,824.0,662.0,0.8033980582524272,1.0,Fluido
9,5,San Jose Centro,9.9358,-84.0558,9.9567,-84.1132,824.0,637.0,0.7730582524271845,1.0,Fluido
10,5,San Jose Centro,9.9358,-84.0558,9.9567,-84.1132,824.0,657.0,0.7973300970873787,1.0,Fluido
11,5,San Jose Centro,9.9358,-84.0558,9.9567,-84.1132,824.0,702.0,0.8519417475728155,1.0,Fluido
12,5,San Jose Centro,9.9358,-84.0558,9.9567,-84.1132,824.0,733.0,0.8895631067961165,1.0,Fluido
13,5,San Jose Centro,9.9358,-84.0558,9.9567,-84.1132,824.0,724.0,0.8786407766990292,1.0,Fluido
14,5,San Jose Centro,9.9358,-84.0558,9.9567,-84.1132,824.0,765.0,0.9283980582524272,1.0,Fluido
15,5,San Jose Centro,9.9358,-84.0558,9.9567,-84.1132,824.0,833.0,1.0109223300970873,1.0109223300970873,Leve
16,5,San Jose Centro,9.9358,-84.0558,9.9567,-84.1132,824.0,848.0,1.029126213592233,1.029126213592233,Leve
17,5,San Jose Centro,9.9358,-84.0558,9.9567,-84.1132,824.0,867.0,1.0521844660194175,1.0521844660194175,Leve
18,5,San Jose Centro,9.9358,-84.0558,9.9567,-84.1132,824.0,1030.0,1.25,1.25,Leve
19,5,San Jose Centro,9.9358,-84.0558,9.9567,-84.1132,824.0,1024.0,1.2427184466019416,1.2427184466019416,Leve
20,5,San Jose Centro,9.9358,-84.0558,9.9567,-84.1132,824.0,1063.0,1.2900485436893203,1.2900485436893203,Leve
21,5,San Jose Centro,9.9358,-84.0558,9.9567,-84.1132,824.0,943.0,1.1444174757281553,1.1444174757281553,Leve
22,5,San Jose Centro,9.9358,-84.0558,9.9567,-84.1132,824.0,822.0,0.9975728155339806,1.0,Fluido
23,5,San Jose Centro,9.9358,-84.0558,9.9567,-84.1132,824.0,833.0,1.0109223300970873,1.0109223300970873,Leve
0,6,San Jose Centro,9.9358,-84.0558,9.9567,-84.1132,824.0,848.0,1.029126213592233,1.029126213592233,Leve
1,6,San Jose Centro,9.9358,-84.0558,9.9567,-84.1132,824.0,793.0,0.962378640776699,1.0,Fluido
2,6,San Jose Centro,9.9358,-84.0558,9.9567,-84.1132,824.0,775.0,0.9405339805825242,1.0,Fluido
3,6,San Jose Centro,9.9358,-84.0558,9.9567,-84.1132,824.0,783.0,0.9502427184466019,1.0,Fluido
4,6,San Jose Centro,9.9358,-84.0558,9.9567,-84.1132,824.0,759.0,0.9211165048543689,1.0,Fluido
5,6,San Jose Centro,9.9358,-84.0558,9.9567,-84.1132,824.0,744.0,0.9029126213592233,1.0,Fluido
6,6,San Jose Centro,9.9358,-84.0558,9.9567,-84.1132,824.0,704.0,0.8543689320388349,1.0,Fluido
7,6,San Jose Centro,9.9358,-84.0558,9.9567,-84.1132,824.0,676.0,0.8203883495145631,1.0,Fluido
8,6,San Jose Centro,9.9358,-84.0558,9.9567,-84.1132,824.0,663.0,0.8046116504854369,1.0,Fluido
9,6,San Jose Centro,9.9358,-84.0558,9.9567,-84.1132,824.0,635.0,0.7706310679611651,1.0,Fluido
10,6,San Jose Centro,9.9358,-84.0558,9.9567,-84.1132,824.0,644.0,0.7815533980582524,1.0,Fluido
11,6,San Jose Centro,9.9358,-84.0558,9.9567,-84.1132,824.0,672.0,0.8155339805825242,1.0,Fluido
12,6,San Jose Centro,9.9358,-84.0558,9.9567,-84.1132,824.0,708.0,0.8592233009708737,1.0,Fluido
13,6,San Jose Centro,9.9358,-84.0558,9.9567,-84.1132,824.0,690.0,0.837378640776699,1.0,Fluido
14,6,San Jose Centro,9.9358,-84.0558,9.9567,-84.1132,824.0,711.0,0.8628640776699029,1.0,Fluido
15,6,San Jose Centro,9.9358,-84.0558,9.9567,-84.1132,824.0,714.0,0.866504854368932,1.0,Fluido
16,6,San Jose Centro,9.9358,-84.0558,9.9567,-84.1132,824.0,722.0,0.8762135922330098,1.0,Fluido
17,6,San Jose Centro,9.9358,-84.0558,9.9567,-84.1132,824.0,737.0,0.8944174757281553,1.0,Fluido
18,6,San Jose Centro,9.9358,-84.0558,9.9567,-84.1132,824.0,763.0,0.9259708737864077,1.0,Fluido
19,6,San Jose Centro,9.9358,-84.0558,9.9567,-84.1132,824.0,786.0,0.9538834951456311,1.0,Fluido
20,6,San Jose Centro,9.9358,-84.0558,9.9567,-84.1132,824.0,771.0,0.9356796116504854,1.0,Fluido
21,6,San Jose Centro,9.9358,-84.0558,9.9567,-84.1132,824.0,764.0,0.9271844660194175,1.0,Fluido
22,6,San Jose Centro,9.9358,-84.0558,9.9567,-84.1132,824.0,743.0,0.9016990291262136,1.0,Fluido
23,6,San Jose Centro,9.9358,-84.0558,9.9567,-84.1132,824.0,770.0,0.9344660194174758,1.0,Fluido
0,0,San Jose Centro,9.9358,-84.0558,9.9567,-84.1132,824.0,814.0,0.9878640776699029,1.0,Fluido
1,0,San Jose Centro,9.9358,-84.0558,9.9567,-84.1132,824.0,792.0,0.9611650485436893,1.0,Fluido
2,0,San Jose Centro,9.9358,-84.0558,9.9567,-84.1132,824.0,763.0,0.9259708737864077,1.0,Fluido
3,0,San Jose Centro,9.9358,-84.0558,9.9567,-84.1132,824.0,770.0,0.9344660194174758,1.0,Fluido
4,0,San Jose Centro,9.9358,-84.0558,9.9567,-84.1132,824.0,733.0,0.8895631067961165,1.0,Fluido
5,0,San Jose Centro,9.9358,-84.0558,9.9567,-84.1132,824.0,695.0,0.8434466019417476,1.0,Fluido
6,0,San Jose Centro,9.9358,-84.0558,9.9567,-84.1132,824.0,675.0,0.8191747572815534,1.0,Fluido
7,0,San Jose Centro,9.9358,-84.0558,9.9567,-84.1132,824.0,660.0,0.8009708737864077,1.0,Fluido
8,0,San Jose Centro,9.9358,-84.0558,9.9567,-84.1132,824.0,637.0,0.7730582524271845,1.0,Fluido
9,0,San Jose Centro,9.9358,-84.0558,9.9567,-84.1132,824.0,649.0,0.787621359223301,1.0,Fluido
10,0,San Jose Centro,9.9358,-84.0558,9.9567,-84.1132,824.0,684.0,0.8300970873786407,1.0,Fluido
11,0,San Jose Centro,9.9358,-84.0558,9.9567,-84.1132,824.0,760.0,0.9223300970873787,1.0,Fluido
12,0,San Jose Centro,9.9358,-84.0558,9.9567,-84.1132,824.0,1133.0,1.375,1.375,Moderado
13,0,San Jose Centro,9.9358,-84.0558,9.9567,-84.1132,824.0,1230.0,1.4927184466019416,1.4927184466019416,Moderado
14,0,San Jose Centro,9.9358,-84.0558,9.9567,-84.1132,824.0,1106.0,1.3422330097087378,1.3422330097087378,Moderado
15,0,San Jose Centro,9.9358,-84.0558,9.9567,-84.1132,824.0,1030.0,1.25,1.25,Leve
16,0,San Jose Centro,9.9358,-84.0558,9.9567,-84.1132,824.0,936.0,1.1359223300970873,1.1359223300970873,Leve
17,0,San Jose Centro,9.9358,-84.0558,9.9567,-84.1132,824.0,913.0,1.108009708737864,1.108009708737864,Leve
18,0,San Jose Centro,9.9358,-84.0558,9.9567,-84.1132,824.0,896.0,1.087378640776699,1.087378640776699,Leve
19,0,San Jose Centro,9.9358,-84.0558,9.9567,-84.1132,824.0,889.0,1.078883495145631,1.078883495145631,Leve
20,0,San Jose Centro,9.9358,-84.0558,9.9567,-84.1132,824.0,868.0,1.0533980582524272,1.0533980582524272,Leve
21,0,San Jose Centro,9.9358,-84.0558,9.9567,-84.1132,824.0,888.0,1.0776699029126213,1.0776699029126213,Leve
22,0,San Jose Centro,9.9358,-84.0558,9.9567,-84.1132,824.0,916.0,1.1116504854368932,1.1116504854368932,Leve
23,0,San Jose Centro,9.9358,-84.0558,9.9567,-84.1132,824.0,1042.0,1.2645631067961165,1.2645631067961165,Leve
0,1,San Jose Centro,9.9358,-84.0558,9.9567,-84.1132,824.0,923.0,1.1201456310679612,1.1201456310679612,Leve
1,1,San Jose Centro,9.9358,-84.0558,9.9567,-84.1132,824.0,792.0,0.9611650485436893,1.0,Fluido
2,1,San Jose Centro,9.9358,-84.0558,9.9567,-84.1132,824.0,768.0,0.9320388349514563,1.0,Fluido
3,1,San Jose Centro,9.9358,-84.0558,9.9567,-84.1132,824.0,771.0,0.9356796116504854,1.0,Fluido
4,1,San Jose Centro,9.9358,-84.0558,9.9567,-84.1132,824.0,732.0,0.8883495145631068,1.0,Fluido
5,1,San Jose Centro,9.9358,-84.0558,9.9567,-84.1132,824.0,690.0,0.837378640776699,1.0,Fluido
6,1,San Jose Centro,9.9358,-84.0558,9.9567,-84.1132,824.0,668.0,0.8106796116504854,1.0,Fluido
